{
"type": "FeatureCollection",
"name": "house_districts_wa",
"crs": { "type": "name", "properties": { "name": "urn:ogc:def:crs:OGC:1.3:CRS84" } },
"features": [
{ "type": "Feature", "properties": { "STATEFP": "53", "SLDLST": "008", "GEOID": "53008", "GEOIDFQ": "620L900US53008", "NAMELSAD": "Legislative (House) District 8", "LSAD": "LH", "LSY": "2024", "MTFCC": "G5220", "FUNCSTAT": "N", "ALAND": 1332661719, "AWATER": 10608158, "INTPTLAT": "+46.1378861", "INTPTLON": "-119.4711239" }, "geometry": { "type": "Polygon", "coordinates": [ [ [ -119.867198, 46.015138 ], [ -119.866653, 46.195998 ], [ -119.842857, 46.191319 ], [ -119.792425, 46.198943 ], [ -119.809765, 46.186028 ], [ -119.789506, 46.186011 ], [ -119.7894, 46.191519 ], [ -119.758363, 46.191302 ], [ -119.758317, 46.199578 ], [ -119.742692, 46.206961 ], [ -119.737475, 46.200142 ], [ -119.705803, 46.202128 ], [ -119.705789, 46.214283 ], [ -119.684865, 46.214237 ], [ -119.684895, 46.228478 ], [ -119.642922, 46.228669 ], [ -119.642952, 46.242876 ], [ -119.621678, 46.24262 ], [ -119.622064, 46.214191 ], [ -119.433295, 46.21352 ], [ -119.433577, 46.256717 ], [ -119.474089, 46.250624 ], [ -119.478543, 46.275744 ], [ -119.471278, 46.288224 ], [ -119.478463, 46.302272 ], [ -119.471735, 46.322923 ], [ -119.398835, 46.300795 ], [ -119.404794, 46.293491 ], [ -119.391399, 46.284636 ], [ -119.386883, 46.291748 ], [ -119.341196, 46.28597 ], [ -119.341062, 46.274182 ], [ -119.31456, 46.271357 ], [ -119.269128, 46.245857 ], [ -119.257685, 46.253791 ], [ -119.233827, 46.248457 ], [ -119.236787, 46.261081 ], [ -119.221989, 46.264385 ], [ -119.215858, 46.275175 ], [ -119.117088, 46.247607 ], [ -119.128835, 46.241499 ], [ -119.135432, 46.225795 ], [ -119.104502, 46.218488 ], [ -119.106539, 46.2064 ], [ -119.075457, 46.191519 ], [ -119.086156, 46.190829 ], [ -119.088279, 46.183533 ], [ -119.075741, 46.183391 ], [ -119.075787, 46.168846 ], [ -119.127677, 46.161821 ], [ -119.120703, 46.154362 ], [ -119.137967, 46.158359 ], [ -119.138502, 46.125861 ], [ -119.095632, 46.124856 ], [ -119.097308, 46.110336 ], [ -119.118775, 46.102196 ], [ -119.11989, 46.038292 ], [ -119.686745, 46.042927 ], [ -119.686551, 45.999595 ], [ -119.746987, 45.995728 ], [ -119.867146, 45.996497 ], [ -119.867198, 46.015138 ] ] ] } },
{ "type": "Feature", "properties": { "STATEFP": "53", "SLDLST": "030", "GEOID": "53030", "GEOIDFQ": "620L900US53030", "NAMELSAD": "Legislative (House) District 30", "LSAD": "LH", "LSY": "2024", "MTFCC": "G5220", "FUNCSTAT": "N", "ALAND": 100812316, "AWATER": 21743839, "INTPTLAT": "+47.3111347", "INTPTLON": "-122.3207031" }, "geometry": { "type": "Polygon", "coordinates": [ [ [ -122.437252, 47.333717 ], [ -122.373535, 47.365521 ], [ -122.329706, 47.350222 ], [ -122.329904, 47.365305 ], [ -122.319768, 47.367724 ], [ -122.309524, 47.357943 ], [ -122.243441, 47.353651 ], [ -122.24468, 47.34489 ], [ -122.270804, 47.343385 ], [ -122.270999, 47.303268 ], [ -122.213383, 47.302816 ], [ -122.208081, 47.27492 ], [ -122.230031, 47.26673 ], [ -122.229495, 47.257556 ], [ -122.291152, 47.257202 ], [ -122.319448, 47.26458 ], [ -122.334914, 47.257366 ], [ -122.437252, 47.333717 ] ] ] } },
{ "type": "Feature", "properties": { "STATEFP": "53", "SLDLST": "003", "GEOID": "53003", "GEOIDFQ": "620L900US53003", "NAMELSAD": "Legislative (House) District 3", "LSAD": "LH", "LSY": "2024", "MTFCC": "G5220", "FUNCSTAT": "N", "ALAND": 105410644, "AWATER": 1607562, "INTPTLAT": "+47.6548071", "INTPTLON": "-117.4127290" }, "geometry": { "type": "Polygon", "coordinates": [ [ [ -117.480739, 47.69793 ], [ -117.475185, 47.697427 ], [ -117.475476, 47.719385 ], [ -117.466451, 47.722432 ], [ -117.471658, 47.726309 ], [ -117.446583, 47.730818 ], [ -117.432345, 47.715412 ], [ -117.411301, 47.71509 ], [ -117.411171, 47.686226 ], [ -117.34331, 47.676092 ], [ -117.327015, 47.689771 ], [ -117.305151, 47.694079 ], [ -117.303904, 47.688674 ], [ -117.325264, 47.67873 ], [ -117.325318, 47.671519 ], [ -117.346834, 47.66734 ], [ -117.341462, 47.612846 ], [ -117.357623, 47.603956 ], [ -117.395269, 47.605948 ], [ -117.388582, 47.598904 ], [ -117.400106, 47.586788 ], [ -117.431597, 47.5871 ], [ -117.447288, 47.594373 ], [ -117.429916, 47.613729 ], [ -117.464607, 47.613887 ], [ -117.464641, 47.631987 ], [ -117.472951, 47.632016 ], [ -117.462889, 47.645995 ], [ -117.464342, 47.665895 ], [ -117.480472, 47.680537 ], [ -117.466845, 47.690633 ], [ -117.480739, 47.69793 ] ] ] } },
{ "type": "Feature", "properties": { "STATEFP": "53", "SLDLST": "007", "GEOID": "53007", "GEOIDFQ": "620L900US53007", "NAMELSAD": "Legislative (House) District 7", "LSAD": "LH", "LSY": "2024", "MTFCC": "G5220", "FUNCSTAT": "N", "ALAND": 33901334150, "AWATER": 561642659, "INTPTLAT": "+48.4199482", "INTPTLON": "-118.8945333" }, "geometry": { "type": "Polygon", "coordinates": [ [ [ -120.88564, 48.975212 ], [ -120.86405, 48.980534 ], [ -120.851528, 49.000301 ], [ -117.032345, 48.999201 ], [ -117.041877, 48.045466 ], [ -117.343806, 48.046596 ], [ -117.34962, 48.003251 ], [ -117.392941, 48.003098 ], [ -117.392808, 47.970543 ], [ -117.404078, 47.970575 ], [ -117.404088, 47.959622 ], [ -117.433824, 47.954387 ], [ -117.433718, 47.911078 ], [ -117.535356, 47.90288 ], [ -117.535262, 47.794458 ], [ -117.553259, 47.801729 ], [ -117.586519, 47.794862 ], [ -117.619142, 47.827778 ], [ -117.651932, 47.835255 ], [ -117.66371, 47.848584 ], [ -117.666088, 47.879194 ], [ -117.675207, 47.889099 ], [ -117.694396, 47.881005 ], [ -117.701973, 47.863936 ], [ -117.697774, 47.856278 ], [ -117.751764, 47.827168 ], [ -117.779042, 47.827592 ], [ -117.790459, 47.811356 ], [ -117.807837, 47.812961 ], [ -117.829781, 47.833947 ], [ -117.880451, 47.847739 ], [ -117.886306, 47.838335 ], [ -117.934591, 47.823268 ], [ -117.990074, 47.8344 ], [ -118.013403, 47.805582 ], [ -118.035954, 47.802716 ], [ -118.048153, 47.792295 ], [ -118.078182, 47.800062 ], [ -118.097131, 47.828449 ], [ -118.118848, 47.833099 ], [ -118.122895, 47.857271 ], [ -118.142658, 47.883588 ], [ -118.160586, 47.885102 ], [ -118.160206, 47.89721 ], [ -118.178509, 47.901986 ], [ -118.17731, 47.911774 ], [ -118.210614, 47.94523 ], [ -118.252693, 47.942367 ], [ -118.316438, 47.909454 ], [ -118.321711, 47.896289 ], [ -118.340938, 47.894316 ], [ -118.349911, 47.882572 ], [ -118.357065, 47.841599 ], [ -118.387798, 47.830396 ], [ -118.44582, 47.845496 ], [ -118.456165, 47.854474 ], [ -118.464235, 47.881899 ], [ -118.499243, 47.873849 ], [ -118.53922, 47.877653 ], [ -118.543977, 47.888575 ], [ -118.533498, 47.914877 ], [ -118.570396, 47.932318 ], [ -118.647371, 47.925562 ], [ -118.661953, 47.937407 ], [ -118.6926, 47.94215 ], [ -118.708505, 47.932041 ], [ -118.711682, 47.903347 ], [ -118.730325, 47.900169 ], [ -118.815548, 47.922046 ], [ -118.829403, 47.933139 ], [ -118.834857, 47.95321 ], [ -118.846686, 47.957697 ], [ -118.957051, 47.940857 ], [ -118.980061, 47.946572 ], [ -118.982234, 47.962025 ], [ -119.103873, 47.961763 ], [ -119.103966, 47.946693 ], [ -119.125581, 47.946803 ], [ -119.125904, 47.917301 ], [ -119.1474, 47.917388 ], [ -119.147399, 47.90265 ], [ -119.190552, 47.902465 ], [ -119.190631, 47.887812 ], [ -119.212225, 47.887708 ], [ -119.21241, 47.800695 ], [ -119.2339, 47.800662 ], [ -119.234166, 47.771981 ], [ -119.255862, 47.771687 ], [ -119.255783, 47.742514 ], [ -119.277167, 47.742603 ], [ -119.277238, 47.728238 ], [ -119.298649, 47.728328 ], [ -119.298843, 47.670403 ], [ -119.320144, 47.670232 ], [ -119.320304, 47.626797 ], [ -119.341485, 47.626748 ], [ -119.341767, 47.612388 ], [ -119.405196, 47.612636 ], [ -119.405319, 47.599012 ], [ -119.426769, 47.599063 ], [ -119.426839, 47.584777 ], [ -119.4478, 47.584899 ], [ -119.447682, 47.570455 ], [ -119.469099, 47.57076 ], [ -119.469174, 47.556606 ], [ -119.490098, 47.556541 ], [ -119.490467, 47.54202 ], [ -119.512092, 47.54204 ], [ -119.511691, 47.527633 ], [ -119.532889, 47.527756 ], [ -119.533123, 47.441207 ], [ -119.747287, 47.439312 ], [ -119.746653, 47.497196 ], [ -119.854357, 47.495422 ], [ -119.854519, 47.509988 ], [ -119.941183, 47.509671 ], [ -119.940858, 47.495219 ], [ -119.96234, 47.495083 ], [ -119.962089, 47.392208 ], [ -120.069461, 47.391545 ], [ -120.069971, 47.420581 ], [ -120.090284, 47.420452 ], [ -120.09086, 47.434842 ], [ -120.174392, 47.434459 ], [ -120.175585, 47.405938 ], [ -120.218427, 47.40591 ], [ -120.218446, 47.420428 ], [ -120.239578, 47.420425 ], [ -120.239583, 47.398628 ], [ -120.260359, 47.398519 ], [ -120.260288, 47.383892 ], [ -120.28653, 47.393111 ], [ -120.304585, 47.421303 ], [ -120.324663, 47.42983 ], [ -120.343139, 47.470656 ], [ -120.324717, 47.477435 ], [ -120.319417, 47.501021 ], [ -120.309096, 47.508293 ], [ -120.308097, 47.50219 ], [ -120.292814, 47.538172 ], [ -120.259438, 47.55849 ], [ -120.238425, 47.586308 ], [ -120.236935, 47.631779 ], [ -120.199048, 47.682276 ], [ -120.222447, 47.721663 ], [ -120.216878, 47.739249 ], [ -120.191405, 47.759504 ], [ -120.133908, 47.776124 ], [ -120.087308, 47.763208 ], [ -119.994952, 47.781353 ], [ -119.978062, 47.801292 ], [ -119.960127, 47.845806 ], [ -119.915008, 47.867687 ], [ -119.908401, 47.879889 ], [ -119.914396, 47.902273 ], [ -119.860622, 47.94492 ], [ -119.870595, 47.960455 ], [ -120.048646, 47.960628 ], [ -120.066552, 47.966402 ], [ -120.063785, 47.981466 ], [ -120.081053, 47.993029 ], [ -120.078071, 47.999784 ], [ -120.090176, 48.018006 ], [ -120.146391, 48.037343 ], [ -120.149009, 48.052234 ], [ -120.131669, 48.054588 ], [ -120.143422, 48.065225 ], [ -120.21306, 48.079044 ], [ -120.29104, 48.129578 ], [ -120.31961, 48.124424 ], [ -120.348578, 48.144284 ], [ -120.362263, 48.164752 ], [ -120.346284, 48.199986 ], [ -120.355542, 48.218422 ], [ -120.382901, 48.219851 ], [ -120.392289, 48.242694 ], [ -120.469124, 48.26898 ], [ -120.464486, 48.274901 ], [ -120.498826, 48.295073 ], [ -120.510287, 48.311298 ], [ -120.547201, 48.306714 ], [ -120.586816, 48.320322 ], [ -120.585672, 48.339181 ], [ -120.560206, 48.361048 ], [ -120.563192, 48.370848 ], [ -120.621101, 48.398772 ], [ -120.649933, 48.398139 ], [ -120.641653, 48.411121 ], [ -120.650253, 48.414792 ], [ -120.652775, 48.437949 ], [ -120.668818, 48.449735 ], [ -120.632405, 48.468774 ], [ -120.653542, 48.480781 ], [ -120.628411, 48.496896 ], [ -120.6572, 48.50731 ], [ -120.651311, 48.536215 ], [ -120.702069, 48.531589 ], [ -120.708676, 48.541802 ], [ -120.700496, 48.559021 ], [ -120.686837, 48.564325 ], [ -120.688515, 48.575705 ], [ -120.719212, 48.596432 ], [ -120.73066, 48.582304 ], [ -120.758763, 48.581948 ], [ -120.785312, 48.605164 ], [ -120.788307, 48.625115 ], [ -120.771692, 48.642627 ], [ -120.757608, 48.644561 ], [ -120.74978, 48.659272 ], [ -120.733079, 48.666192 ], [ -120.717333, 48.664526 ], [ -120.718663, 48.674492 ], [ -120.703432, 48.696915 ], [ -120.679972, 48.694296 ], [ -120.678195, 48.717826 ], [ -120.65598, 48.724897 ], [ -120.678163, 48.735052 ], [ -120.709918, 48.771814 ], [ -120.725523, 48.77339 ], [ -120.735427, 48.786487 ], [ -120.742492, 48.820905 ], [ -120.735284, 48.831445 ], [ -120.740281, 48.843444 ], [ -120.730717, 48.853831 ], [ -120.735281, 48.864374 ], [ -120.770223, 48.881826 ], [ -120.762704, 48.899518 ], [ -120.772132, 48.906705 ], [ -120.772052, 48.926506 ], [ -120.754605, 48.932975 ], [ -120.75742, 48.944322 ], [ -120.769946, 48.955327 ], [ -120.798244, 48.959467 ], [ -120.832931, 48.938522 ], [ -120.840204, 48.949981 ], [ -120.879664, 48.96603 ], [ -120.88564, 48.975212 ] ] ] } },
{ "type": "Feature", "properties": { "STATEFP": "53", "SLDLST": "032", "GEOID": "53032", "GEOIDFQ": "620L900US53032", "NAMELSAD": "Legislative (House) District 32", "LSAD": "LH", "LSY": "2024", "MTFCC": "G5220", "FUNCSTAT": "N", "ALAND": 78561498, "AWATER": 34012285, "INTPTLAT": "+47.7759577", "INTPTLON": "-122.3547724" }, "geometry": { "type": "Polygon", "coordinates": [ [ [ -122.442924, 47.793216 ], [ -122.440605, 47.803127 ], [ -122.38301, 47.803274 ], [ -122.366773, 47.790524 ], [ -122.356127, 47.792337 ], [ -122.356214, 47.799598 ], [ -122.33005, 47.795971 ], [ -122.32559, 47.808315 ], [ -122.335791, 47.810567 ], [ -122.337757, 47.831541 ], [ -122.314208, 47.850358 ], [ -122.277369, 47.847544 ], [ -122.264038, 47.831839 ], [ -122.26835, 47.822616 ], [ -122.261873, 47.81883 ], [ -122.286981, 47.80654 ], [ -122.281465, 47.793615 ], [ -122.286863, 47.777322 ], [ -122.313945, 47.769531 ], [ -122.292435, 47.733751 ], [ -122.345038, 47.728676 ], [ -122.34472, 47.706544 ], [ -122.433291, 47.729347 ], [ -122.427392, 47.753954 ], [ -122.442924, 47.793216 ] ] ] } },
{ "type": "Feature", "properties": { "STATEFP": "53", "SLDLST": "033", "GEOID": "53033", "GEOIDFQ": "620L900US53033", "NAMELSAD": "Legislative (House) District 33", "LSAD": "LH", "LSY": "2024", "MTFCC": "G5220", "FUNCSTAT": "N", "ALAND": 117823857, "AWATER": 39402296, "INTPTLAT": "+47.4201090", "INTPTLON": "-122.3053088" }, "geometry": { "type": "Polygon", "coordinates": [ [ [ -122.410138, 47.47672 ], [ -122.380128, 47.493203 ], [ -122.355305, 47.48111 ], [ -122.349993, 47.48843 ], [ -122.31158, 47.488569 ], [ -122.310438, 47.495819 ], [ -122.296407, 47.495828 ], [ -122.291581, 47.459652 ], [ -122.271347, 47.456254 ], [ -122.265137, 47.447806 ], [ -122.280517, 47.41934 ], [ -122.267268, 47.419397 ], [ -122.25832, 47.430248 ], [ -122.262507, 47.434023 ], [ -122.248503, 47.433403 ], [ -122.245629, 47.441233 ], [ -122.215497, 47.441145 ], [ -122.220259, 47.406619 ], [ -122.207385, 47.400764 ], [ -122.212497, 47.375764 ], [ -122.197016, 47.361631 ], [ -122.197115, 47.350819 ], [ -122.204167, 47.346099 ], [ -122.212692, 47.353871 ], [ -122.309524, 47.357943 ], [ -122.319768, 47.367724 ], [ -122.329904, 47.365305 ], [ -122.329706, 47.350222 ], [ -122.373535, 47.365521 ], [ -122.351034, 47.378121 ], [ -122.348435, 47.388521 ], [ -122.404137, 47.44532 ], [ -122.410138, 47.47672 ] ] ] } },
{ "type": "Feature", "properties": { "STATEFP": "53", "SLDLST": "034", "GEOID": "53034", "GEOIDFQ": "620L900US53034", "NAMELSAD": "Legislative (House) District 34", "LSAD": "LH", "LSY": "2024", "MTFCC": "G5220", "FUNCSTAT": "N", "ALAND": 169147687, "AWATER": 170276110, "INTPTLAT": "+47.4669023", "INTPTLON": "-122.4363322" }, "geometry": { "type": "Polygon", "coordinates": [ [ [ -122.541661, 47.349193 ], [ -122.528424, 47.374985 ], [ -122.539761, 47.396552 ], [ -122.524499, 47.423871 ], [ -122.518886, 47.462439 ], [ -122.480016, 47.52174 ], [ -122.445026, 47.542713 ], [ -122.454847, 47.574757 ], [ -122.446947, 47.5981 ], [ -122.392679, 47.608575 ], [ -122.327706, 47.604316 ], [ -122.329051, 47.592443 ], [ -122.320856, 47.59371 ], [ -122.321584, 47.558628 ], [ -122.291372, 47.524462 ], [ -122.318455, 47.531767 ], [ -122.308984, 47.526023 ], [ -122.296759, 47.492952 ], [ -122.310438, 47.495819 ], [ -122.31158, 47.488569 ], [ -122.349993, 47.48843 ], [ -122.366704, 47.481109 ], [ -122.380128, 47.493203 ], [ -122.410138, 47.47672 ], [ -122.404137, 47.44532 ], [ -122.352235, 47.397521 ], [ -122.351034, 47.378121 ], [ -122.471551, 47.31862 ], [ -122.520417, 47.322775 ], [ -122.541661, 47.349193 ] ] ] } },
{ "type": "Feature", "properties": { "STATEFP": "53", "SLDLST": "036", "GEOID": "53036", "GEOIDFQ": "620L900US53036", "NAMELSAD": "Legislative (House) District 36", "LSAD": "LH", "LSY": "2024", "MTFCC": "G5220", "FUNCSTAT": "N", "ALAND": 42609968, "AWATER": 51291731, "INTPTLAT": "+47.6629506", "INTPTLON": "-122.4030638" }, "geometry": { "type": "Polygon", "coordinates": [ [ [ -122.459774, 47.672418 ], [ -122.433291, 47.729347 ], [ -122.350146, 47.708698 ], [ -122.347234, 47.664991 ], [ -122.360818, 47.653065 ], [ -122.342889, 47.646445 ], [ -122.338137, 47.62642 ], [ -122.34358, 47.618553 ], [ -122.389747, 47.618956 ], [ -122.400775, 47.607459 ], [ -122.446947, 47.5981 ], [ -122.459774, 47.672418 ] ] ] } },
{ "type": "Feature", "properties": { "STATEFP": "53", "SLDLST": "037", "GEOID": "53037", "GEOIDFQ": "620L900US53037", "NAMELSAD": "Legislative (House) District 37", "LSAD": "LH", "LSY": "2024", "MTFCC": "G5220", "FUNCSTAT": "N", "ALAND": 47985378, "AWATER": 15040457, "INTPTLAT": "+47.5522938", "INTPTLON": "-122.2768337" }, "geometry": { "type": "Polygon", "coordinates": [ [ [ -122.329049, 47.594217 ], [ -122.327706, 47.604316 ], [ -122.299312, 47.621359 ], [ -122.264069, 47.609819 ], [ -122.265413, 47.580486 ], [ -122.240388, 47.560026 ], [ -122.254241, 47.530623 ], [ -122.219822, 47.509801 ], [ -122.219305, 47.494683 ], [ -122.232201, 47.480451 ], [ -122.253716, 47.479498 ], [ -122.270302, 47.495543 ], [ -122.270069, 47.509663 ], [ -122.29134, 47.510146 ], [ -122.295811, 47.534577 ], [ -122.321584, 47.558628 ], [ -122.320856, 47.59371 ], [ -122.329049, 47.594217 ] ] ] } },
{ "type": "Feature", "properties": { "STATEFP": "53", "SLDLST": "042", "GEOID": "53042", "GEOIDFQ": "620L900US53042", "NAMELSAD": "Legislative (House) District 42", "LSAD": "LH", "LSY": "2024", "MTFCC": "G5220", "FUNCSTAT": "N", "ALAND": 5207000884, "AWATER": 936023750, "INTPTLAT": "+48.8426531", "INTPTLON": "-121.8364325" }, "geometry": { "type": "Polygon", "coordinates": [ [ [ -123.32224, 49.002072 ], [ -120.851528, 49.000301 ], [ -120.86405, 48.980534 ], [ -120.88564, 48.975212 ], [ -120.880747, 48.966662 ], [ -120.848979, 48.955911 ], [ -120.831784, 48.938277 ], [ -120.798244, 48.959467 ], [ -120.769946, 48.955327 ], [ -120.756227, 48.942913 ], [ -120.755257, 48.932242 ], [ -120.772052, 48.926506 ], [ -120.772132, 48.906705 ], [ -120.762704, 48.899518 ], [ -120.770223, 48.881826 ], [ -120.735281, 48.864374 ], [ -120.730717, 48.853831 ], [ -120.740281, 48.843444 ], [ -120.735284, 48.831445 ], [ -120.742492, 48.820905 ], [ -120.735427, 48.786487 ], [ -120.725523, 48.77339 ], [ -120.709918, 48.771814 ], [ -120.678163, 48.735052 ], [ -120.655857, 48.724342 ], [ -120.678195, 48.717826 ], [ -120.679972, 48.694296 ], [ -120.703432, 48.696915 ], [ -120.718663, 48.674492 ], [ -120.717333, 48.664526 ], [ -120.751904, 48.657002 ], [ -120.908357, 48.657003 ], [ -120.908358, 48.640901 ], [ -122.210321, 48.645689 ], [ -122.19199, 48.685721 ], [ -122.172772, 48.69503 ], [ -122.203395, 48.71989 ], [ -122.204021, 48.729395 ], [ -122.301335, 48.730646 ], [ -122.350286, 48.756299 ], [ -122.343723, 48.767614 ], [ -122.355328, 48.767599 ], [ -122.355051, 48.803723 ], [ -122.395996, 48.804129 ], [ -122.426331, 48.785622 ], [ -122.428239, 48.771825 ], [ -122.445334, 48.771099 ], [ -122.445253, 48.756439 ], [ -122.461804, 48.756429 ], [ -122.465071, 48.749061 ], [ -122.489004, 48.742318 ], [ -122.515248, 48.75631 ], [ -122.514727, 48.73568 ], [ -122.531505, 48.735869 ], [ -122.531505, 48.724599 ], [ -122.593669, 48.724624 ], [ -122.597751, 48.67188 ], [ -122.565915, 48.629913 ], [ -122.607778, 48.626074 ], [ -122.660899, 48.645349 ], [ -122.713704, 48.64513 ], [ -122.704207, 48.657204 ], [ -122.706003, 48.670681 ], [ -122.748858, 48.722558 ], [ -122.809987, 48.770699 ], [ -123.008485, 48.831219 ], [ -123.32224, 49.002072 ] ] ] } },
{ "type": "Feature", "properties": { "STATEFP": "53", "SLDLST": "043", "GEOID": "53043", "GEOIDFQ": "620L900US53043", "NAMELSAD": "Legislative (House) District 43", "LSAD": "LH", "LSY": "2024", "MTFCC": "G5220", "FUNCSTAT": "N", "ALAND": 26104655, "AWATER": 15640453, "INTPTLAT": "+47.6347910", "INTPTLON": "-122.3067926" }, "geometry": { "type": "Polygon", "coordinates": [ [ [ -122.400853, 47.609495 ], [ -122.389747, 47.618956 ], [ -122.34358, 47.618553 ], [ -122.338338, 47.63952 ], [ -122.360818, 47.653065 ], [ -122.354373, 47.6614 ], [ -122.300912, 47.661247 ], [ -122.29851, 47.668521 ], [ -122.288486, 47.661139 ], [ -122.276963, 47.668346 ], [ -122.239443, 47.658764 ], [ -122.258182, 47.644971 ], [ -122.264069, 47.609819 ], [ -122.299312, 47.621359 ], [ -122.329189, 47.603696 ], [ -122.400853, 47.609495 ] ] ] } },
{ "type": "Feature", "properties": { "STATEFP": "53", "SLDLST": "045", "GEOID": "53045", "GEOIDFQ": "620L900US53045", "NAMELSAD": "Legislative (House) District 45", "LSAD": "LH", "LSY": "2024", "MTFCC": "G5220", "FUNCSTAT": "N", "ALAND": 255353717, "AWATER": 13085348, "INTPTLAT": "+47.6963684", "INTPTLON": "-122.0523238" }, "geometry": { "type": "Polygon", "coordinates": [ [ [ -122.262323, 47.704308 ], [ -122.207802, 47.725313 ], [ -122.207846, 47.733008 ], [ -122.187542, 47.733047 ], [ -122.186493, 47.740783 ], [ -122.153254, 47.723923 ], [ -122.15013, 47.732893 ], [ -122.139225, 47.729692 ], [ -122.141973, 47.747194 ], [ -122.120486, 47.747455 ], [ -122.120844, 47.753511 ], [ -122.107856, 47.749165 ], [ -122.111675, 47.761467 ], [ -122.077733, 47.754747 ], [ -122.08043, 47.773104 ], [ -122.074647, 47.775976 ], [ -121.960406, 47.776281 ], [ -121.957003, 47.766905 ], [ -121.984699, 47.751229 ], [ -121.97141, 47.737741 ], [ -121.969461, 47.747531 ], [ -121.943986, 47.741695 ], [ -121.943667, 47.692214 ], [ -121.906924, 47.673593 ], [ -121.911939, 47.651439 ], [ -121.923757, 47.651471 ], [ -121.928308, 47.638522 ], [ -121.944307, 47.629776 ], [ -121.944166, 47.615408 ], [ -121.950816, 47.61532 ], [ -121.952648, 47.629032 ], [ -121.968145, 47.626749 ], [ -121.957523, 47.615432 ], [ -121.956473, 47.590536 ], [ -121.961783, 47.590534 ], [ -121.97066, 47.601136 ], [ -122.002833, 47.598728 ], [ -122.005263, 47.609408 ], [ -121.992099, 47.612716 ], [ -122.081966, 47.61748 ], [ -122.08071, 47.633704 ], [ -122.098154, 47.648381 ], [ -122.07898, 47.664468 ], [ -122.080286, 47.687994 ], [ -122.102292, 47.680402 ], [ -122.1107, 47.687078 ], [ -122.132413, 47.682184 ], [ -122.133709, 47.689383 ], [ -122.158769, 47.686551 ], [ -122.170184, 47.696823 ], [ -122.170357, 47.689498 ], [ -122.194289, 47.689597 ], [ -122.197014, 47.679287 ], [ -122.222779, 47.668019 ], [ -122.229681, 47.668681 ], [ -122.232807, 47.684085 ], [ -122.262323, 47.704308 ] ] ] } },
{ "type": "Feature", "properties": { "STATEFP": "53", "SLDLST": "046", "GEOID": "53046", "GEOIDFQ": "620L900US53046", "NAMELSAD": "Legislative (House) District 46", "LSAD": "LH", "LSY": "2024", "MTFCC": "G5220", "FUNCSTAT": "N", "ALAND": 45681486, "AWATER": 10320092, "INTPTLAT": "+47.6934930", "INTPTLON": "-122.2973517" }, "geometry": { "type": "Polygon", "coordinates": [ [ [ -122.351464, 47.66504 ], [ -122.345038, 47.728676 ], [ -122.334277, 47.734135 ], [ -122.274397, 47.733732 ], [ -122.260725, 47.702264 ], [ -122.229983, 47.677172 ], [ -122.239443, 47.658764 ], [ -122.274116, 47.668276 ], [ -122.288981, 47.661118 ], [ -122.29851, 47.668521 ], [ -122.300912, 47.661247 ], [ -122.351464, 47.66504 ] ] ] } },
{ "type": "Feature", "properties": { "STATEFP": "53", "SLDLST": "002", "GEOID": "53002", "GEOIDFQ": "620L900US53002", "NAMELSAD": "Legislative (House) District 2", "LSAD": "LH", "LSY": "2024", "MTFCC": "G5220", "FUNCSTAT": "N", "ALAND": 2573222245, "AWATER": 45612771, "INTPTLAT": "+46.8880100", "INTPTLON": "-122.1931472" }, "geometry": { "type": "Polygon", "coordinates": [ [ [ -122.894948, 46.846039 ], [ -122.852181, 46.863975 ], [ -122.793371, 46.85889 ], [ -122.7112, 46.876359 ], [ -122.69772, 46.883448 ], [ -122.703055, 46.894333 ], [ -122.69111, 46.916001 ], [ -122.671591, 46.923336 ], [ -122.675262, 46.938021 ], [ -122.696403, 46.937826 ], [ -122.696494, 46.952387 ], [ -122.738301, 46.952385 ], [ -122.738554, 46.96183 ], [ -122.719632, 46.96835 ], [ -122.722835, 46.985272 ], [ -122.759699, 46.985101 ], [ -122.75978, 47.003251 ], [ -122.77013, 47.003549 ], [ -122.771358, 47.017272 ], [ -122.796586, 47.050421 ], [ -122.788466, 47.059564 ], [ -122.770064, 47.055669 ], [ -122.743085, 47.061055 ], [ -122.759506, 47.063778 ], [ -122.703887, 47.071688 ], [ -122.689895, 47.057412 ], [ -122.693458, 47.053041 ], [ -122.676812, 47.042654 ], [ -122.680186, 47.029345 ], [ -122.672397, 47.015415 ], [ -122.659158, 47.009939 ], [ -122.659455, 47.002932 ], [ -122.650622, 47.007317 ], [ -122.630302, 46.998339 ], [ -122.637396, 46.977097 ], [ -122.611602, 46.967213 ], [ -122.611047, 46.9767 ], [ -122.580055, 46.977502 ], [ -122.575442, 46.971291 ], [ -122.587177, 46.966849 ], [ -122.572256, 46.964229 ], [ -122.563251, 46.967594 ], [ -122.568477, 46.969243 ], [ -122.558695, 47.001981 ], [ -122.527736, 47.006653 ], [ -122.492961, 47.033604 ], [ -122.369506, 47.020319 ], [ -122.373931, 47.038464 ], [ -122.390499, 47.04584 ], [ -122.376788, 47.047369 ], [ -122.376701, 47.053112 ], [ -122.397761, 47.053121 ], [ -122.400324, 47.079216 ], [ -122.413312, 47.08245 ], [ -122.410754, 47.097003 ], [ -122.389192, 47.096773 ], [ -122.389226, 47.118559 ], [ -122.377521, 47.118483 ], [ -122.357551, 47.110852 ], [ -122.347478, 47.078472 ], [ -122.322254, 47.08602 ], [ -122.293799, 47.081873 ], [ -122.293561, 47.096461 ], [ -122.272203, 47.096373 ], [ -122.272745, 47.079567 ], [ -122.286761, 47.078868 ], [ -122.27785, 47.066749 ], [ -122.294789, 47.053081 ], [ -122.220047, 47.051654 ], [ -122.220337, 47.035558 ], [ -122.210674, 47.038213 ], [ -122.21088, 47.024106 ], [ -122.105158, 47.025041 ], [ -122.104558, 47.054368 ], [ -122.077491, 47.054446 ], [ -122.077658, 47.067743 ], [ -122.071615, 47.068326 ], [ -122.061565, 47.065598 ], [ -122.065185, 47.047296 ], [ -122.055854, 47.025324 ], [ -122.037161, 47.02556 ], [ -122.030986, 47.014705 ], [ -121.966186, 46.987526 ], [ -121.905831, 46.996232 ], [ -121.72917, 46.996169 ], [ -121.729176, 46.907387 ], [ -121.497774, 46.90739 ], [ -121.52307, 46.872783 ], [ -121.497345, 46.862866 ], [ -121.484197, 46.834274 ], [ -121.470172, 46.826404 ], [ -121.474439, 46.820225 ], [ -121.442457, 46.79282 ], [ -121.455218, 46.783797 ], [ -121.758593, 46.783791 ], [ -121.787702, 46.769819 ], [ -121.83271, 46.729637 ], [ -121.867436, 46.729142 ], [ -121.929997, 46.739871 ], [ -121.954242, 46.755017 ], [ -121.978638, 46.744273 ], [ -122.002446, 46.753268 ], [ -122.040797, 46.742357 ], [ -122.203115, 46.763061 ], [ -122.78832, 46.763611 ], [ -122.766887, 46.778005 ], [ -122.823824, 46.778243 ], [ -122.824231, 46.792991 ], [ -122.844935, 46.792537 ], [ -122.844678, 46.799727 ], [ -122.876696, 46.792576 ], [ -122.880041, 46.799741 ], [ -122.863021, 46.807235 ], [ -122.861747, 46.845233 ], [ -122.864002, 46.850996 ], [ -122.873699, 46.843807 ], [ -122.894948, 46.846039 ] ] ] } },
{ "type": "Feature", "properties": { "STATEFP": "53", "SLDLST": "047", "GEOID": "53047", "GEOIDFQ": "620L900US53047", "NAMELSAD": "Legislative (House) District 47", "LSAD": "LH", "LSY": "2024", "MTFCC": "G5220", "FUNCSTAT": "N", "ALAND": 162064198, "AWATER": 5219200, "INTPTLAT": "+47.3590727", "INTPTLON": "-122.1521195" }, "geometry": { "type": "Polygon", "coordinates": [ [ [ -122.271184, 47.308229 ], [ -122.265485, 47.347055 ], [ -122.24468, 47.34489 ], [ -122.243441, 47.353651 ], [ -122.208657, 47.353388 ], [ -122.204167, 47.346099 ], [ -122.197115, 47.350819 ], [ -122.197016, 47.361631 ], [ -122.212497, 47.375764 ], [ -122.207334, 47.376062 ], [ -122.207498, 47.415879 ], [ -122.176026, 47.415834 ], [ -122.175797, 47.430282 ], [ -122.154598, 47.430353 ], [ -122.154327, 47.440111 ], [ -122.118753, 47.439233 ], [ -122.110159, 47.426927 ], [ -122.072961, 47.420628 ], [ -122.046007, 47.399772 ], [ -122.057881, 47.38713 ], [ -122.048109, 47.380544 ], [ -122.06255, 47.372676 ], [ -122.058974, 47.35799 ], [ -122.06572, 47.358032 ], [ -122.053873, 47.34357 ], [ -122.073446, 47.344543 ], [ -122.081393, 47.353631 ], [ -122.101958, 47.343591 ], [ -122.096579, 47.31357 ], [ -122.086408, 47.301113 ], [ -122.170184, 47.299366 ], [ -122.202859, 47.306406 ], [ -122.218692, 47.300893 ], [ -122.271184, 47.308229 ] ] ] } },
{ "type": "Feature", "properties": { "STATEFP": "53", "SLDLST": "048", "GEOID": "53048", "GEOIDFQ": "620L900US53048", "NAMELSAD": "Legislative (House) District 48", "LSAD": "LH", "LSY": "2024", "MTFCC": "G5220", "FUNCSTAT": "N", "ALAND": 86015459, "AWATER": 18098917, "INTPTLAT": "+47.6445115", "INTPTLON": "-122.1661894" }, "geometry": { "type": "Polygon", "coordinates": [ [ [ -122.262722, 47.621146 ], [ -122.253351, 47.651413 ], [ -122.197014, 47.679287 ], [ -122.194289, 47.689597 ], [ -122.170357, 47.689498 ], [ -122.164648, 47.696913 ], [ -122.164794, 47.688119 ], [ -122.133709, 47.689383 ], [ -122.132413, 47.682184 ], [ -122.1107, 47.687078 ], [ -122.102292, 47.680402 ], [ -122.080286, 47.687994 ], [ -122.07898, 47.664468 ], [ -122.098154, 47.648381 ], [ -122.079518, 47.630538 ], [ -122.089695, 47.611344 ], [ -122.101029, 47.619951 ], [ -122.132424, 47.616998 ], [ -122.129863, 47.606368 ], [ -122.164038, 47.597465 ], [ -122.18838, 47.61002 ], [ -122.217734, 47.611121 ], [ -122.220434, 47.596821 ], [ -122.263651, 47.613115 ], [ -122.262722, 47.621146 ] ] ] } },
{ "type": "Feature", "properties": { "STATEFP": "53", "SLDLST": "005", "GEOID": "53005", "GEOIDFQ": "620L900US53005", "NAMELSAD": "Legislative (House) District 5", "LSAD": "LH", "LSY": "2024", "MTFCC": "G5220", "FUNCSTAT": "N", "ALAND": 1977752393, "AWATER": 23174895, "INTPTLAT": "+47.3291114", "INTPTLON": "-121.7784551" }, "geometry": { "type": "Polygon", "coordinates": [ [ [ -122.164153, 47.477233 ], [ -122.137587, 47.481142 ], [ -122.137601, 47.477912 ], [ -122.132269, 47.47514 ], [ -122.12693, 47.475116 ], [ -122.129669, 47.481066 ], [ -122.120286, 47.483537 ], [ -122.148635, 47.501965 ], [ -122.137848, 47.516346 ], [ -122.142997, 47.52722 ], [ -122.129108, 47.527212 ], [ -122.132222, 47.535985 ], [ -122.111101, 47.536055 ], [ -122.111817, 47.544258 ], [ -122.100524, 47.544933 ], [ -122.100194, 47.559225 ], [ -122.061271, 47.548432 ], [ -122.036975, 47.550583 ], [ -122.03072, 47.554695 ], [ -122.034047, 47.568128 ], [ -122.021904, 47.573087 ], [ -122.027876, 47.579152 ], [ -121.998315, 47.578499 ], [ -121.99501, 47.586079 ], [ -121.982928, 47.581007 ], [ -121.981742, 47.587622 ], [ -121.968893, 47.580153 ], [ -121.970134, 47.594579 ], [ -121.961156, 47.594606 ], [ -121.93194, 47.578314 ], [ -121.943148, 47.572892 ], [ -121.931259, 47.565303 ], [ -121.888909, 47.564724 ], [ -121.887298, 47.550698 ], [ -121.92721, 47.521797 ], [ -121.904996, 47.508317 ], [ -121.833805, 47.515312 ], [ -121.83389, 47.531296 ], [ -121.844363, 47.532212 ], [ -121.84402, 47.547981 ], [ -121.810376, 47.543293 ], [ -121.803651, 47.52661 ], [ -121.783252, 47.523069 ], [ -121.789257, 47.510502 ], [ -121.81024, 47.511015 ], [ -121.801719, 47.481457 ], [ -121.785283, 47.490192 ], [ -121.785406, 47.47952 ], [ -121.763642, 47.473972 ], [ -121.763305, 47.481779 ], [ -121.716111, 47.467183 ], [ -121.690969, 47.444543 ], [ -121.597303, 47.424944 ], [ -121.549683, 47.398367 ], [ -121.472272, 47.395859 ], [ -121.448553, 47.40246 ], [ -121.44381, 47.419902 ], [ -121.41932, 47.428646 ], [ -121.411091, 47.423402 ], [ -121.427417, 47.420678 ], [ -121.422063, 47.40891 ], [ -121.433816, 47.399107 ], [ -121.426304, 47.38947 ], [ -121.441204, 47.384407 ], [ -121.43777, 47.371847 ], [ -121.465951, 47.367977 ], [ -121.464064, 47.353818 ], [ -121.430403, 47.33422 ], [ -121.445319, 47.30975 ], [ -121.432682, 47.304955 ], [ -121.432466, 47.293202 ], [ -121.420594, 47.286818 ], [ -121.416498, 47.293499 ], [ -121.384582, 47.285083 ], [ -121.361778, 47.291935 ], [ -121.341203, 47.281261 ], [ -121.331979, 47.257418 ], [ -121.360747, 47.240526 ], [ -121.365131, 47.224493 ], [ -121.311197, 47.207658 ], [ -121.306122, 47.188024 ], [ -121.317769, 47.172976 ], [ -121.297567, 47.148618 ], [ -121.315534, 47.133844 ], [ -121.364677, 47.141759 ], [ -121.393968, 47.132762 ], [ -121.408081, 47.1181 ], [ -121.399058, 47.104598 ], [ -121.402913, 47.098576 ], [ -121.376769, 47.088701 ], [ -121.440904, 47.08435 ], [ -121.490563, 47.116775 ], [ -121.531511, 47.124579 ], [ -121.589114, 47.120231 ], [ -121.620794, 47.149399 ], [ -121.661409, 47.159958 ], [ -121.684173, 47.149785 ], [ -121.719136, 47.151116 ], [ -121.743086, 47.164538 ], [ -121.795804, 47.173226 ], [ -121.839457, 47.143397 ], [ -121.901538, 47.155742 ], [ -121.927892, 47.147705 ], [ -121.934881, 47.138219 ], [ -121.95007, 47.144541 ], [ -121.954188, 47.155668 ], [ -121.991446, 47.163237 ], [ -121.993932, 47.17257 ], [ -122.037449, 47.173219 ], [ -122.037498, 47.184723 ], [ -122.048166, 47.187261 ], [ -122.037528, 47.194808 ], [ -122.038023, 47.237326 ], [ -122.101637, 47.2427 ], [ -122.101727, 47.249963 ], [ -122.080238, 47.250077 ], [ -122.080086, 47.257311 ], [ -122.081303, 47.297654 ], [ -122.096579, 47.31357 ], [ -122.101958, 47.343591 ], [ -122.081393, 47.353631 ], [ -122.073446, 47.344543 ], [ -122.053873, 47.34357 ], [ -122.06572, 47.358032 ], [ -122.058974, 47.35799 ], [ -122.06255, 47.372676 ], [ -122.048109, 47.380544 ], [ -122.057881, 47.38713 ], [ -122.046007, 47.399772 ], [ -122.072961, 47.420628 ], [ -122.110352, 47.427036 ], [ -122.116684, 47.437509 ], [ -122.109361, 47.452787 ], [ -122.164153, 47.477233 ] ] ] } },
{ "type": "Feature", "properties": { "STATEFP": "53", "SLDLST": "006", "GEOID": "53006", "GEOIDFQ": "620L900US53006", "NAMELSAD": "Legislative (House) District 6", "LSAD": "LH", "LSY": "2024", "MTFCC": "G5220", "FUNCSTAT": "N", "ALAND": 1058584805, "AWATER": 13507861, "INTPTLAT": "+47.7361082", "INTPTLON": "-117.6116379" }, "geometry": { "type": "Polygon", "coordinates": [ [ [ -117.822116, 47.551723 ], [ -117.820947, 47.825775 ], [ -117.807837, 47.812961 ], [ -117.792351, 47.811025 ], [ -117.778138, 47.828021 ], [ -117.742659, 47.830502 ], [ -117.697774, 47.856278 ], [ -117.701973, 47.863936 ], [ -117.694396, 47.881005 ], [ -117.675207, 47.889099 ], [ -117.666088, 47.879194 ], [ -117.66371, 47.848584 ], [ -117.651932, 47.835255 ], [ -117.619142, 47.827778 ], [ -117.586519, 47.794862 ], [ -117.553259, 47.801729 ], [ -117.535262, 47.794458 ], [ -117.535356, 47.90288 ], [ -117.433881, 47.910987 ], [ -117.433824, 47.954387 ], [ -117.404088, 47.959622 ], [ -117.404078, 47.970575 ], [ -117.392808, 47.970543 ], [ -117.392941, 48.003098 ], [ -117.34962, 48.003251 ], [ -117.350082, 47.910427 ], [ -117.358105, 47.881166 ], [ -117.34731, 47.809391 ], [ -117.354319, 47.783481 ], [ -117.370394, 47.776511 ], [ -117.353546, 47.772792 ], [ -117.366016, 47.735968 ], [ -117.379228, 47.736703 ], [ -117.379207, 47.73123 ], [ -117.378817, 47.718523 ], [ -117.346835, 47.714953 ], [ -117.346616, 47.700436 ], [ -117.335094, 47.700432 ], [ -117.333314, 47.691636 ], [ -117.34534, 47.689866 ], [ -117.346698, 47.676373 ], [ -117.411171, 47.686226 ], [ -117.411301, 47.71509 ], [ -117.432345, 47.715412 ], [ -117.446583, 47.730818 ], [ -117.467714, 47.729955 ], [ -117.466451, 47.722432 ], [ -117.477139, 47.71526 ], [ -117.475185, 47.697427 ], [ -117.480739, 47.69793 ], [ -117.466845, 47.690633 ], [ -117.480472, 47.680537 ], [ -117.464342, 47.665895 ], [ -117.462889, 47.645995 ], [ -117.472951, 47.632016 ], [ -117.464641, 47.631987 ], [ -117.464607, 47.613887 ], [ -117.429916, 47.613729 ], [ -117.468111, 47.574766 ], [ -117.499809, 47.564143 ], [ -117.497483, 47.58338 ], [ -117.543535, 47.586122 ], [ -117.547178, 47.575241 ], [ -117.564542, 47.576438 ], [ -117.564434, 47.543733 ], [ -117.593969, 47.543707 ], [ -117.611835, 47.571636 ], [ -117.647051, 47.575367 ], [ -117.693309, 47.561847 ], [ -117.698764, 47.547376 ], [ -117.709712, 47.547388 ], [ -117.709627, 47.561023 ], [ -117.822116, 47.551723 ] ] ] } },
{ "type": "Feature", "properties": { "STATEFP": "53", "SLDLST": "011", "GEOID": "53011", "GEOIDFQ": "620L900US53011", "NAMELSAD": "Legislative (House) District 11", "LSAD": "LH", "LSY": "2024", "MTFCC": "G5220", "FUNCSTAT": "N", "ALAND": 101595121, "AWATER": 5720020, "INTPTLAT": "+47.4702727", "INTPTLON": "-122.2066722" }, "geometry": { "type": "Polygon", "coordinates": [ [ [ -122.318455, 47.531767 ], [ -122.29365, 47.52446 ], [ -122.29134, 47.510146 ], [ -122.270069, 47.509663 ], [ -122.270302, 47.495543 ], [ -122.252434, 47.479248 ], [ -122.232201, 47.480451 ], [ -122.219892, 47.49352 ], [ -122.219822, 47.509801 ], [ -122.235699, 47.517769 ], [ -122.204273, 47.539344 ], [ -122.192499, 47.538481 ], [ -122.190103, 47.52351 ], [ -122.17261, 47.508453 ], [ -122.169856, 47.516518 ], [ -122.143594, 47.516647 ], [ -122.148635, 47.501965 ], [ -122.120286, 47.483537 ], [ -122.129669, 47.481066 ], [ -122.12693, 47.475116 ], [ -122.137587, 47.481142 ], [ -122.164154, 47.476355 ], [ -122.120914, 47.463243 ], [ -122.12194, 47.456018 ], [ -122.109361, 47.452787 ], [ -122.111943, 47.437466 ], [ -122.154327, 47.440111 ], [ -122.154598, 47.430353 ], [ -122.175797, 47.430282 ], [ -122.176026, 47.415834 ], [ -122.207498, 47.415879 ], [ -122.207385, 47.400764 ], [ -122.220259, 47.406619 ], [ -122.215497, 47.441145 ], [ -122.245629, 47.441233 ], [ -122.248503, 47.433403 ], [ -122.262507, 47.434023 ], [ -122.25832, 47.430248 ], [ -122.267268, 47.419397 ], [ -122.280369, 47.419251 ], [ -122.265137, 47.447806 ], [ -122.271347, 47.456254 ], [ -122.291581, 47.459652 ], [ -122.292255, 47.48878 ], [ -122.308984, 47.526023 ], [ -122.318455, 47.531767 ] ] ] } },
{ "type": "Feature", "properties": { "STATEFP": "53", "SLDLST": "012", "GEOID": "53012", "GEOIDFQ": "620L900US53012", "NAMELSAD": "Legislative (House) District 12", "LSAD": "LH", "LSY": "2024", "MTFCC": "G5220", "FUNCSTAT": "N", "ALAND": 10761534794, "AWATER": 235363450, "INTPTLAT": "+47.8027951", "INTPTLON": "-120.8976913" }, "geometry": { "type": "Polygon", "coordinates": [ [ [ -122.073962, 47.848157 ], [ -122.033659, 47.847738 ], [ -122.033858, 47.862767 ], [ -122.012356, 47.863149 ], [ -122.012597, 47.886234 ], [ -121.985671, 47.888648 ], [ -121.984834, 47.877506 ], [ -121.948399, 47.881273 ], [ -121.954057, 47.893492 ], [ -121.943355, 47.899987 ], [ -121.944453, 47.91176 ], [ -121.973052, 47.925102 ], [ -121.989788, 47.921429 ], [ -121.991789, 47.931187 ], [ -122.001693, 47.93431 ], [ -122.000204, 47.963395 ], [ -121.952299, 47.956394 ], [ -121.947853, 47.942146 ], [ -121.928097, 47.935112 ], [ -121.927425, 47.92076 ], [ -121.896554, 47.926511 ], [ -121.879544, 47.902707 ], [ -121.846015, 47.899585 ], [ -121.82668, 47.875206 ], [ -121.809855, 47.869231 ], [ -121.799182, 47.882002 ], [ -121.734682, 47.877214 ], [ -121.733366, 47.89136 ], [ -121.706028, 47.905761 ], [ -121.707422, 47.929046 ], [ -121.718323, 47.924467 ], [ -121.712115, 47.938392 ], [ -121.686844, 47.950207 ], [ -121.451407, 47.950343 ], [ -121.451576, 47.968596 ], [ -121.436837, 47.965132 ], [ -121.409028, 47.978027 ], [ -121.378042, 47.95841 ], [ -121.281955, 47.981721 ], [ -121.269857, 47.980941 ], [ -121.251667, 47.957896 ], [ -121.2245, 47.975959 ], [ -121.197884, 47.974618 ], [ -121.164045, 47.986127 ], [ -121.135938, 47.982834 ], [ -121.118183, 47.997103 ], [ -121.117934, 48.006283 ], [ -121.152961, 48.040952 ], [ -121.13163, 48.044409 ], [ -121.097029, 48.064401 ], [ -121.081382, 48.061754 ], [ -121.032772, 48.077807 ], [ -121.015942, 48.074795 ], [ -120.981311, 48.094379 ], [ -120.972481, 48.108534 ], [ -120.9471, 48.113327 ], [ -120.965216, 48.133962 ], [ -120.955566, 48.151981 ], [ -120.907425, 48.163184 ], [ -120.919271, 48.190388 ], [ -120.964769, 48.211328 ], [ -120.959848, 48.227769 ], [ -121.012094, 48.279909 ], [ -121.002501, 48.28626 ], [ -121.003115, 48.298967 ], [ -121.071589, 48.317802 ], [ -121.0695, 48.338964 ], [ -121.040509, 48.348471 ], [ -121.043073, 48.363428 ], [ -121.061772, 48.379362 ], [ -121.066429, 48.393539 ], [ -121.056463, 48.412137 ], [ -121.041588, 48.411271 ], [ -121.046248, 48.418892 ], [ -121.03713, 48.433027 ], [ -121.040994, 48.445737 ], [ -121.063231, 48.459792 ], [ -121.056534, 48.47637 ], [ -121.036234, 48.495297 ], [ -120.951068, 48.499637 ], [ -120.950502, 48.529581 ], [ -120.904596, 48.523653 ], [ -120.90396, 48.533401 ], [ -120.885401, 48.538187 ], [ -120.863213, 48.530074 ], [ -120.858724, 48.546643 ], [ -120.838635, 48.550836 ], [ -120.810399, 48.530583 ], [ -120.816759, 48.519579 ], [ -120.787932, 48.5071 ], [ -120.709482, 48.52334 ], [ -120.701812, 48.531702 ], [ -120.651311, 48.536215 ], [ -120.6572, 48.50731 ], [ -120.628411, 48.496896 ], [ -120.653542, 48.480781 ], [ -120.632405, 48.468774 ], [ -120.668818, 48.449735 ], [ -120.652775, 48.437949 ], [ -120.650253, 48.414792 ], [ -120.641653, 48.411121 ], [ -120.649933, 48.398139 ], [ -120.621101, 48.398772 ], [ -120.563192, 48.370848 ], [ -120.560206, 48.361048 ], [ -120.585672, 48.339181 ], [ -120.586816, 48.320322 ], [ -120.547201, 48.306714 ], [ -120.510287, 48.311298 ], [ -120.498826, 48.295073 ], [ -120.464486, 48.274901 ], [ -120.469124, 48.26898 ], [ -120.392289, 48.242694 ], [ -120.382901, 48.219851 ], [ -120.355542, 48.218422 ], [ -120.346284, 48.199986 ], [ -120.362263, 48.164752 ], [ -120.348578, 48.144284 ], [ -120.31961, 48.124424 ], [ -120.29104, 48.129578 ], [ -120.21306, 48.079044 ], [ -120.143422, 48.065225 ], [ -120.131669, 48.054588 ], [ -120.149009, 48.052234 ], [ -120.146391, 48.037343 ], [ -120.090176, 48.018006 ], [ -120.078071, 47.999784 ], [ -120.081053, 47.993029 ], [ -120.063785, 47.981466 ], [ -120.069822, 47.968147 ], [ -120.048646, 47.960628 ], [ -119.870595, 47.960455 ], [ -119.859708, 47.942393 ], [ -119.912567, 47.904493 ], [ -119.908428, 47.879405 ], [ -119.915008, 47.867687 ], [ -119.960127, 47.845806 ], [ -119.978062, 47.801292 ], [ -119.994952, 47.781353 ], [ -120.087308, 47.763208 ], [ -120.130914, 47.776601 ], [ -120.207717, 47.750058 ], [ -120.222858, 47.723314 ], [ -120.199048, 47.682276 ], [ -120.236935, 47.631779 ], [ -120.238425, 47.586308 ], [ -120.259438, 47.55849 ], [ -120.292814, 47.538172 ], [ -120.308097, 47.50219 ], [ -120.309096, 47.508293 ], [ -120.319417, 47.501021 ], [ -120.324717, 47.477435 ], [ -120.343139, 47.470656 ], [ -120.329877, 47.436871 ], [ -120.296621, 47.41352 ], [ -120.28653, 47.393111 ], [ -120.236481, 47.37875 ], [ -120.129573, 47.366251 ], [ -120.086308, 47.338942 ], [ -120.09446, 47.262159 ], [ -120.389197, 47.260935 ], [ -120.406037, 47.274068 ], [ -120.426794, 47.274395 ], [ -120.459896, 47.300305 ], [ -120.515329, 47.320148 ], [ -120.524669, 47.333302 ], [ -120.532062, 47.329539 ], [ -120.528765, 47.316279 ], [ -120.564433, 47.308223 ], [ -120.578632, 47.337228 ], [ -120.617391, 47.345328 ], [ -120.664368, 47.343305 ], [ -120.721193, 47.370051 ], [ -120.734374, 47.393755 ], [ -120.783262, 47.399581 ], [ -120.80333, 47.423049 ], [ -120.828647, 47.423879 ], [ -120.843269, 47.411599 ], [ -120.917864, 47.429321 ], [ -120.93057, 47.457687 ], [ -120.953119, 47.46266 ], [ -120.946571, 47.472654 ], [ -120.983218, 47.492939 ], [ -120.996502, 47.518502 ], [ -121.023458, 47.523759 ], [ -121.075041, 47.550937 ], [ -121.092879, 47.586346 ], [ -121.115964, 47.597939 ], [ -121.119809, 47.591333 ], [ -121.172192, 47.590233 ], [ -121.169846, 47.578494 ], [ -121.179849, 47.564981 ], [ -121.228749, 47.565694 ], [ -121.242636, 47.535995 ], [ -121.29195, 47.513551 ], [ -121.29222, 47.50209 ], [ -121.311896, 47.47927 ], [ -121.363923, 47.464833 ], [ -121.379259, 47.454305 ], [ -121.385713, 47.434124 ], [ -121.442647, 47.420725 ], [ -121.449139, 47.402142 ], [ -121.475122, 47.395478 ], [ -121.549683, 47.398367 ], [ -121.597303, 47.424944 ], [ -121.690969, 47.444543 ], [ -121.716111, 47.467183 ], [ -121.763305, 47.481779 ], [ -121.763642, 47.473972 ], [ -121.785406, 47.47952 ], [ -121.785283, 47.490192 ], [ -121.801719, 47.481457 ], [ -121.81024, 47.511015 ], [ -121.789257, 47.510502 ], [ -121.783252, 47.523069 ], [ -121.803651, 47.52661 ], [ -121.810376, 47.543293 ], [ -121.84402, 47.547981 ], [ -121.844363, 47.532212 ], [ -121.83389, 47.531296 ], [ -121.833805, 47.515312 ], [ -121.900191, 47.507121 ], [ -121.924592, 47.518507 ], [ -121.908804, 47.540858 ], [ -121.887298, 47.550698 ], [ -121.888909, 47.564724 ], [ -121.919298, 47.562725 ], [ -121.942729, 47.571267 ], [ -121.93194, 47.578314 ], [ -121.959616, 47.593956 ], [ -121.957738, 47.616383 ], [ -121.968252, 47.626542 ], [ -121.952648, 47.629032 ], [ -121.950816, 47.61532 ], [ -121.944166, 47.615408 ], [ -121.944307, 47.629776 ], [ -121.928308, 47.638522 ], [ -121.923757, 47.651471 ], [ -121.911939, 47.651439 ], [ -121.907012, 47.677565 ], [ -121.943559, 47.692026 ], [ -121.940449, 47.711902 ], [ -121.948851, 47.723486 ], [ -121.943986, 47.741695 ], [ -121.969461, 47.747531 ], [ -121.97141, 47.737741 ], [ -121.984699, 47.751229 ], [ -121.95747, 47.766483 ], [ -121.95735, 47.773384 ], [ -122.000365, 47.775392 ], [ -122.004932, 47.808943 ], [ -122.042721, 47.824358 ], [ -122.073962, 47.848157 ] ] ] } },
{ "type": "Feature", "properties": { "STATEFP": "53", "SLDLST": "016", "GEOID": "53016", "GEOIDFQ": "620L900US53016", "NAMELSAD": "Legislative (House) District 16", "LSAD": "LH", "LSY": "2024", "MTFCC": "G5220", "FUNCSTAT": "N", "ALAND": 8585699323, "AWATER": 180319018, "INTPTLAT": "+46.4112909", "INTPTLON": "-118.8882663" }, "geometry": { "type": "Polygon", "coordinates": [ [ [ -119.933088, 46.664559 ], [ -119.907086, 46.664568 ], [ -119.915308, 46.671278 ], [ -119.906578, 46.674121 ], [ -119.916482, 46.70835 ], [ -119.874546, 46.708367 ], [ -119.874744, 46.737541 ], [ -119.832142, 46.737253 ], [ -119.83384, 46.795684 ], [ -119.369377, 46.795591 ], [ -119.369429, 46.737695 ], [ -118.210243, 46.738833 ], [ -118.249389, 46.733468 ], [ -118.217536, 46.679278 ], [ -118.230732, 46.656437 ], [ -118.215411, 46.632098 ], [ -118.198228, 46.621533 ], [ -118.199463, 46.607917 ], [ -118.208275, 46.609718 ], [ -118.21566, 46.588924 ], [ -118.228635, 46.593362 ], [ -118.228013, 46.560413 ], [ -118.242619, 46.559941 ], [ -118.241872, 46.295064 ], [ -118.116117, 46.295455 ], [ -118.116624, 46.20805 ], [ -117.991481, 46.207702 ], [ -117.99697, 46.00056 ], [ -118.987258, 45.999855 ], [ -118.941323, 46.027528 ], [ -118.947738, 46.047541 ], [ -118.942305, 46.07442 ], [ -118.974664, 46.139523 ], [ -119.041498, 46.192667 ], [ -119.023453, 46.216616 ], [ -119.034489, 46.224731 ], [ -119.034191, 46.240765 ], [ -119.049735, 46.248127 ], [ -119.061797, 46.240907 ], [ -119.0854, 46.244236 ], [ -119.0873, 46.250989 ], [ -119.11219, 46.241447 ], [ -119.111877, 46.248533 ], [ -119.215858, 46.275175 ], [ -119.221989, 46.264385 ], [ -119.236787, 46.261081 ], [ -119.233827, 46.248457 ], [ -119.257685, 46.253791 ], [ -119.269128, 46.245857 ], [ -119.31456, 46.271357 ], [ -119.341062, 46.274182 ], [ -119.341196, 46.28597 ], [ -119.386883, 46.291748 ], [ -119.391399, 46.284636 ], [ -119.404794, 46.293491 ], [ -119.398835, 46.300795 ], [ -119.471735, 46.322923 ], [ -119.478463, 46.302272 ], [ -119.471278, 46.288224 ], [ -119.478543, 46.275744 ], [ -119.474089, 46.250624 ], [ -119.433577, 46.256717 ], [ -119.433295, 46.21352 ], [ -119.622064, 46.214191 ], [ -119.621018, 46.25929 ], [ -119.628323, 46.259385 ], [ -119.619278, 46.265863 ], [ -119.618478, 46.403867 ], [ -119.639508, 46.411444 ], [ -119.639532, 46.418716 ], [ -119.745184, 46.417967 ], [ -119.776773, 46.432297 ], [ -119.777037, 46.446611 ], [ -119.787226, 46.446519 ], [ -119.788503, 46.47637 ], [ -119.874287, 46.476412 ], [ -119.874057, 46.628585 ], [ -119.901483, 46.635602 ], [ -119.933088, 46.664559 ] ] ] } },
{ "type": "Feature", "properties": { "STATEFP": "53", "SLDLST": "017", "GEOID": "53017", "GEOIDFQ": "620L900US53017", "NAMELSAD": "Legislative (House) District 17", "LSAD": "LH", "LSY": "2024", "MTFCC": "G5220", "FUNCSTAT": "N", "ALAND": 6259305329, "AWATER": 97766479, "INTPTLAT": "+46.0218568", "INTPTLON": "-121.7693670" }, "geometry": { "type": "Polygon", "coordinates": [ [ [ -122.558904, 45.621022 ], [ -122.522778, 45.620725 ], [ -122.530678, 45.642937 ], [ -122.516304, 45.661845 ], [ -122.505981, 45.660602 ], [ -122.499857, 45.693757 ], [ -122.467535, 45.701134 ], [ -122.372758, 45.694219 ], [ -122.372393, 45.715635 ], [ -122.346402, 45.715959 ], [ -122.356854, 45.72247 ], [ -122.343969, 45.730814 ], [ -122.33819, 45.751863 ], [ -122.25021, 45.750873 ], [ -122.24099, 46.385864 ], [ -121.522324, 46.388627 ], [ -121.522321, 46.044006 ], [ -121.425528, 46.044399 ], [ -121.416472, 46.012788 ], [ -121.442032, 45.982622 ], [ -121.455764, 45.943701 ], [ -121.448504, 45.928558 ], [ -121.453315, 45.91498 ], [ -121.400946, 45.886162 ], [ -121.326041, 45.925332 ], [ -121.312384, 45.922859 ], [ -121.287319, 45.946845 ], [ -121.269435, 45.944647 ], [ -121.194597, 45.987566 ], [ -121.157156, 45.983976 ], [ -121.039317, 45.996843 ], [ -121.024867, 45.992215 ], [ -120.979028, 46.003331 ], [ -120.903084, 46.004318 ], [ -120.880531, 46.018991 ], [ -120.85437, 46.014114 ], [ -120.840326, 45.997621 ], [ -120.82336, 45.994139 ], [ -120.81058, 46.01094 ], [ -120.70391, 45.999847 ], [ -120.653105, 45.985034 ], [ -120.657038, 45.95811 ], [ -120.696918, 45.932135 ], [ -120.712541, 45.899132 ], [ -120.748672, 45.883387 ], [ -120.792075, 45.848403 ], [ -120.791431, 45.882576 ], [ -120.805655, 45.882448 ], [ -120.812494, 45.843703 ], [ -120.811118, 45.828182 ], [ -120.803494, 45.828242 ], [ -120.807964, 45.809336 ], [ -120.822799, 45.805265 ], [ -120.823396, 45.780843 ], [ -120.885011, 45.781025 ], [ -120.885048, 45.766344 ], [ -121.031564, 45.76698 ], [ -121.030831, 45.821097 ], [ -121.063179, 45.825074 ], [ -121.051688, 45.825178 ], [ -121.05082, 45.868749 ], [ -121.071788, 45.868671 ], [ -121.071756, 45.882938 ], [ -121.092607, 45.883051 ], [ -121.09334, 45.91398 ], [ -121.109096, 45.898036 ], [ -121.158134, 45.898305 ], [ -121.122207, 45.865331 ], [ -121.150509, 45.857691 ], [ -121.153448, 45.849332 ], [ -121.137425, 45.834022 ], [ -121.180144, 45.825725 ], [ -121.175302, 45.810943 ], [ -121.196345, 45.811346 ], [ -121.192762, 45.797638 ], [ -121.205649, 45.792454 ], [ -121.210866, 45.760448 ], [ -121.228055, 45.767709 ], [ -121.231565, 45.750842 ], [ -121.242462, 45.745282 ], [ -121.25104, 45.751493 ], [ -121.247614, 45.759341 ], [ -121.292477, 45.767715 ], [ -121.288043, 45.745898 ], [ -121.278901, 45.740045 ], [ -121.293777, 45.71193 ], [ -121.343281, 45.722127 ], [ -121.343403, 45.731694 ], [ -121.362294, 45.738479 ], [ -121.362544, 45.717645 ], [ -121.383554, 45.717434 ], [ -121.383453, 45.699252 ], [ -121.40174, 45.692893 ], [ -121.462795, 45.701282 ], [ -121.499098, 45.720747 ], [ -121.532934, 45.726504 ], [ -121.707295, 45.694836 ], [ -121.811184, 45.706715 ], [ -121.867021, 45.693391 ], [ -121.901745, 45.670669 ], [ -121.908134, 45.654558 ], [ -121.955775, 45.643586 ], [ -121.983007, 45.622888 ], [ -122.044299, 45.609535 ], [ -122.10175, 45.583169 ], [ -122.182864, 45.576781 ], [ -122.266701, 45.543841 ], [ -122.331502, 45.548241 ], [ -122.352802, 45.569441 ], [ -122.380302, 45.575941 ], [ -122.438674, 45.563585 ], [ -122.453891, 45.567312 ], [ -122.54995, 45.597182 ], [ -122.558904, 45.621022 ] ] ] } },
{ "type": "Feature", "properties": { "STATEFP": "53", "SLDLST": "019", "GEOID": "53019", "GEOIDFQ": "620L900US53019", "NAMELSAD": "Legislative (House) District 19", "LSAD": "LH", "LSY": "2024", "MTFCC": "G5220", "FUNCSTAT": "N", "ALAND": 6732833187, "AWATER": 1032423084, "INTPTLAT": "+46.5920271", "INTPTLON": "-123.5083293" }, "geometry": { "type": "MultiPolygon", "coordinates": [ [ [ [ -123.394816, 47.002899 ], [ -123.390656, 47.004154 ], [ -123.389137, 47.004309 ], [ -123.393531, 47.001247 ], [ -123.394816, 47.002899 ] ] ], [ [ [ -124.24114, 46.902895 ], [ -124.144265, 46.915911 ], [ -124.064073, 46.936811 ], [ -123.92226, 46.952003 ], [ -123.852307, 46.951647 ], [ -123.822389, 46.962943 ], [ -123.831065, 46.990258 ], [ -123.812436, 46.988007 ], [ -123.803707, 46.994788 ], [ -123.778161, 46.994832 ], [ -123.778352, 46.98174 ], [ -123.753666, 46.978282 ], [ -123.729805, 46.963079 ], [ -123.678114, 46.957281 ], [ -123.639389, 46.958715 ], [ -123.647624, 46.976577 ], [ -123.613061, 46.976794 ], [ -123.607679, 46.961415 ], [ -123.585903, 46.980106 ], [ -123.489962, 47.000225 ], [ -123.39262, 47.000271 ], [ -123.347675, 46.975109 ], [ -123.349904, 46.99713 ], [ -123.327831, 46.997141 ], [ -123.329152, 47.083816 ], [ -123.201891, 47.085059 ], [ -123.203101, 46.996973 ], [ -123.158364, 46.995871 ], [ -123.160516, 46.837479 ], [ -123.132559, 46.841433 ], [ -123.133879, 46.829795 ], [ -123.122433, 46.837629 ], [ -123.1185, 46.8331 ], [ -123.118096, 46.814475 ], [ -123.065879, 46.807546 ], [ -123.065512, 46.815638 ], [ -123.04206, 46.802608 ], [ -123.037034, 46.811523 ], [ -123.023501, 46.811578 ], [ -123.023053, 46.822167 ], [ -122.989051, 46.822436 ], [ -122.989442, 46.80963 ], [ -123.010275, 46.79622 ], [ -122.991801, 46.764523 ], [ -123.033053, 46.764525 ], [ -123.028545, 46.750206 ], [ -123.005977, 46.746367 ], [ -123.020187, 46.735373 ], [ -123.008778, 46.709934 ], [ -122.96328, 46.704085 ], [ -122.96789, 46.684561 ], [ -122.984902, 46.685646 ], [ -122.998057, 46.666131 ], [ -122.98982, 46.667299 ], [ -122.986015, 46.653903 ], [ -122.970261, 46.652112 ], [ -122.968083, 46.633767 ], [ -122.957297, 46.644671 ], [ -122.911875, 46.610462 ], [ -122.908204, 46.597105 ], [ -122.913466, 46.597109 ], [ -122.911306, 46.583554 ], [ -122.922348, 46.583509 ], [ -122.918786, 46.572653 ], [ -122.903004, 46.567102 ], [ -122.88729, 46.576195 ], [ -122.887247, 46.561697 ], [ -122.875918, 46.561691 ], [ -122.87679, 46.494375 ], [ -122.889614, 46.409065 ], [ -122.900346, 46.396577 ], [ -122.915145, 46.316437 ], [ -122.903887, 46.286257 ], [ -122.891177, 46.289924 ], [ -122.899747, 46.279035 ], [ -122.894496, 46.269889 ], [ -122.880796, 46.260729 ], [ -122.90427, 46.170234 ], [ -122.875954, 46.168408 ], [ -122.861475, 46.147331 ], [ -122.880481, 46.141297 ], [ -122.866733, 46.13767 ], [ -122.867386, 46.119432 ], [ -122.87769, 46.119491 ], [ -122.877475, 46.11224 ], [ -122.867222, 46.112185 ], [ -122.857309, 46.097744 ], [ -122.867586, 46.097763 ], [ -122.866746, 46.083354 ], [ -122.913469, 46.097858 ], [ -122.93042, 46.093333 ], [ -123.115904, 46.185268 ], [ -123.166416, 46.188979 ], [ -123.280166, 46.144843 ], [ -123.371433, 46.146372 ], [ -123.430987, 46.181571 ], [ -123.427629, 46.229348 ], [ -123.479644, 46.269131 ], [ -123.586954, 46.25589 ], [ -123.648775, 46.258803 ], [ -123.688115, 46.250105 ], [ -123.741449, 46.269155 ], [ -123.779365, 46.253884 ], [ -123.87263, 46.234987 ], [ -123.930477, 46.238805 ], [ -123.973346, 46.268501 ], [ -124.003616, 46.274709 ], [ -124.024877, 46.299099 ], [ -124.035599, 46.296843 ], [ -124.035951, 46.264183 ], [ -124.159546, 46.261132 ], [ -124.160714, 46.28201 ], [ -124.135207, 46.349368 ], [ -124.130532, 46.408316 ], [ -124.135298, 46.542299 ], [ -124.149668, 46.650078 ], [ -124.14526, 46.670474 ], [ -124.168515, 46.730421 ], [ -124.175131, 46.793732 ], [ -124.181203, 46.793736 ], [ -124.194581, 46.844092 ], [ -124.209469, 46.874813 ], [ -124.24114, 46.902895 ] ] ] ] } },
{ "type": "Feature", "properties": { "STATEFP": "53", "SLDLST": "021", "GEOID": "53021", "GEOIDFQ": "620L900US53021", "NAMELSAD": "Legislative (House) District 21", "LSAD": "LH", "LSY": "2024", "MTFCC": "G5220", "FUNCSTAT": "N", "ALAND": 91482708, "AWATER": 56976025, "INTPTLAT": "+47.8677660", "INTPTLON": "-122.3238457" }, "geometry": { "type": "Polygon", "coordinates": [ [ [ -122.440456, 47.803465 ], [ -122.412047, 47.850617 ], [ -122.356347, 47.894317 ], [ -122.333348, 47.933217 ], [ -122.328692, 47.961903 ], [ -122.309922, 47.952342 ], [ -122.271904, 47.953314 ], [ -122.276315, 47.938913 ], [ -122.262971, 47.936338 ], [ -122.258179, 47.922853 ], [ -122.262808, 47.899046 ], [ -122.229295, 47.907999 ], [ -122.228053, 47.896488 ], [ -122.217326, 47.892803 ], [ -122.217373, 47.878749 ], [ -122.22795, 47.867429 ], [ -122.222946, 47.834735 ], [ -122.227656, 47.842003 ], [ -122.244705, 47.840187 ], [ -122.253891, 47.825691 ], [ -122.273198, 47.836489 ], [ -122.277369, 47.847544 ], [ -122.314208, 47.850358 ], [ -122.337757, 47.831541 ], [ -122.335791, 47.810567 ], [ -122.32559, 47.808315 ], [ -122.33005, 47.795971 ], [ -122.356214, 47.799598 ], [ -122.356127, 47.792337 ], [ -122.366773, 47.790524 ], [ -122.38301, 47.803274 ], [ -122.440456, 47.803465 ] ] ] } },
{ "type": "Feature", "properties": { "STATEFP": "53", "SLDLST": "024", "GEOID": "53024", "GEOIDFQ": "620L900US53024", "NAMELSAD": "Legislative (House) District 24", "LSAD": "LH", "LSY": "2024", "MTFCC": "G5220", "FUNCSTAT": "N", "ALAND": 12639364646, "AWATER": 4050723678, "INTPTLAT": "+47.8235763", "INTPTLON": "-123.8137926" }, "geometry": { "type": "Polygon", "coordinates": [ [ [ -124.848974, 48.181373 ], [ -124.827681, 48.21383 ], [ -124.780504, 48.22858 ], [ -124.79024, 48.246355 ], [ -124.788742, 48.266372 ], [ -124.761387, 48.295688 ], [ -124.770442, 48.323537 ], [ -124.796636, 48.344126 ], [ -124.817912, 48.391003 ], [ -124.801175, 48.423242 ], [ -124.745838, 48.445663 ], [ -124.772262, 48.473812 ], [ -124.763031, 48.499784 ], [ -124.012056, 48.296671 ], [ -123.679064, 48.239997 ], [ -123.541216, 48.224553 ], [ -122.863078, 48.370361 ], [ -122.862684, 48.243658 ], [ -122.852093, 48.226462 ], [ -122.818332, 48.19883 ], [ -122.703304, 48.134416 ], [ -122.662587, 48.128303 ], [ -122.650194, 48.117421 ], [ -122.632652, 48.007191 ], [ -122.60676, 47.972953 ], [ -122.632075, 47.955504 ], [ -122.637086, 47.935653 ], [ -122.626263, 47.908832 ], [ -122.600839, 47.895169 ], [ -122.595535, 47.882298 ], [ -122.721971, 47.787665 ], [ -122.76339, 47.723409 ], [ -122.757494, 47.692357 ], [ -122.766505, 47.67991 ], [ -122.858781, 47.662951 ], [ -122.931628, 47.626391 ], [ -122.950621, 47.606308 ], [ -123.505917, 47.604615 ], [ -123.505021, 47.258535 ], [ -123.490805, 47.258208 ], [ -123.488943, 47.082646 ], [ -123.329152, 47.083816 ], [ -123.327831, 46.997141 ], [ -123.349904, 46.99713 ], [ -123.347675, 46.975109 ], [ -123.39262, 47.000271 ], [ -123.489962, 47.000225 ], [ -123.585903, 46.980106 ], [ -123.607679, 46.961415 ], [ -123.613061, 46.976794 ], [ -123.647624, 46.976577 ], [ -123.639389, 46.958715 ], [ -123.678114, 46.957281 ], [ -123.729805, 46.963079 ], [ -123.753666, 46.978282 ], [ -123.778352, 46.98174 ], [ -123.778161, 46.994832 ], [ -123.803707, 46.994788 ], [ -123.812436, 46.988007 ], [ -123.831065, 46.990258 ], [ -123.822389, 46.962943 ], [ -123.852307, 46.951647 ], [ -123.92226, 46.952003 ], [ -124.064073, 46.936811 ], [ -124.144265, 46.915911 ], [ -124.24114, 46.902895 ], [ -124.249705, 46.946426 ], [ -124.241539, 46.999808 ], [ -124.251291, 47.096654 ], [ -124.306367, 47.248083 ], [ -124.351299, 47.27639 ], [ -124.359644, 47.309336 ], [ -124.391354, 47.329766 ], [ -124.41355, 47.36873 ], [ -124.421728, 47.406845 ], [ -124.406542, 47.428021 ], [ -124.42056, 47.455972 ], [ -124.417057, 47.481538 ], [ -124.461402, 47.62496 ], [ -124.514922, 47.623708 ], [ -124.554626, 47.644427 ], [ -124.566552, 47.680239 ], [ -124.540302, 47.716445 ], [ -124.641839, 47.819424 ], [ -124.70418, 47.854737 ], [ -124.720858, 47.888303 ], [ -124.753795, 47.910523 ], [ -124.758185, 47.943978 ], [ -124.795204, 47.966506 ], [ -124.803394, 47.988658 ], [ -124.796999, 48.017938 ], [ -124.801155, 48.037809 ], [ -124.786103, 48.061329 ], [ -124.785187, 48.087115 ], [ -124.824046, 48.129308 ], [ -124.848974, 48.181373 ] ], [ [ -123.394998, 47.002844 ], [ -123.393531, 47.001247 ], [ -123.389137, 47.004309 ], [ -123.390656, 47.004154 ], [ -123.394998, 47.002844 ] ] ] } },
{ "type": "Feature", "properties": { "STATEFP": "53", "SLDLST": "025", "GEOID": "53025", "GEOIDFQ": "620L900US53025", "NAMELSAD": "Legislative (House) District 25", "LSAD": "LH", "LSY": "2024", "MTFCC": "G5220", "FUNCSTAT": "N", "ALAND": 170416539, "AWATER": 1057533, "INTPTLAT": "+47.1535627", "INTPTLON": "-122.3156065" }, "geometry": { "type": "Polygon", "coordinates": [ [ [ -122.415711, 47.136249 ], [ -122.415427, 47.158956 ], [ -122.396216, 47.158125 ], [ -122.39427, 47.237748 ], [ -122.320399, 47.207017 ], [ -122.320604, 47.220563 ], [ -122.250898, 47.203777 ], [ -122.258688, 47.199739 ], [ -122.245502, 47.195087 ], [ -122.241459, 47.184409 ], [ -122.229313, 47.184349 ], [ -122.229468, 47.157887 ], [ -122.212435, 47.157204 ], [ -122.220935, 47.154794 ], [ -122.232675, 47.131078 ], [ -122.2201, 47.121793 ], [ -122.239754, 47.109136 ], [ -122.23145, 47.086067 ], [ -122.246625, 47.083297 ], [ -122.272367, 47.089882 ], [ -122.272203, 47.096373 ], [ -122.293561, 47.096461 ], [ -122.293799, 47.081873 ], [ -122.322254, 47.08602 ], [ -122.347478, 47.078472 ], [ -122.357551, 47.110852 ], [ -122.415711, 47.136249 ] ] ] } },
{ "type": "Feature", "properties": { "STATEFP": "53", "SLDLST": "026", "GEOID": "53026", "GEOIDFQ": "620L900US53026", "NAMELSAD": "Legislative (House) District 26", "LSAD": "LH", "LSY": "2024", "MTFCC": "G5220", "FUNCSTAT": "N", "ALAND": 551376839, "AWATER": 238058559, "INTPTLAT": "+47.3882583", "INTPTLON": "-122.6623197" }, "geometry": { "type": "Polygon", "coordinates": [ [ [ -122.852918, 47.257824 ], [ -122.847739, 47.275853 ], [ -122.806163, 47.320681 ], [ -122.801199, 47.403578 ], [ -122.664071, 47.403311 ], [ -122.668742, 47.414218 ], [ -122.662776, 47.428597 ], [ -122.652443, 47.428614 ], [ -122.644456, 47.446861 ], [ -122.631079, 47.446917 ], [ -122.631336, 47.483781 ], [ -122.653173, 47.48572 ], [ -122.653135, 47.493973 ], [ -122.668996, 47.491445 ], [ -122.666338, 47.484441 ], [ -122.682633, 47.475674 ], [ -122.723584, 47.465257 ], [ -122.772416, 47.469167 ], [ -122.777887, 47.461617 ], [ -122.800624, 47.461954 ], [ -122.79867, 47.472009 ], [ -122.778387, 47.484052 ], [ -122.779542, 47.504781 ], [ -122.768477, 47.525165 ], [ -122.800831, 47.524007 ], [ -122.805175, 47.54574 ], [ -122.783784, 47.545514 ], [ -122.773015, 47.559836 ], [ -122.778291, 47.567091 ], [ -122.762497, 47.570491 ], [ -122.736154, 47.556088 ], [ -122.735822, 47.577876 ], [ -122.71672, 47.578195 ], [ -122.714313, 47.585442 ], [ -122.698728, 47.585285 ], [ -122.684271, 47.569598 ], [ -122.624006, 47.574941 ], [ -122.610444, 47.563709 ], [ -122.553889, 47.594379 ], [ -122.545547, 47.592391 ], [ -122.534061, 47.571071 ], [ -122.512602, 47.561892 ], [ -122.454781, 47.576186 ], [ -122.445435, 47.541868 ], [ -122.480016, 47.52174 ], [ -122.519242, 47.46163 ], [ -122.524499, 47.423871 ], [ -122.539761, 47.396552 ], [ -122.528362, 47.377036 ], [ -122.541661, 47.349193 ], [ -122.533474, 47.332082 ], [ -122.560339, 47.316119 ], [ -122.540738, 47.29032 ], [ -122.575538, 47.22952 ], [ -122.600538, 47.209719 ], [ -122.622139, 47.209219 ], [ -122.675341, 47.251319 ], [ -122.711242, 47.230518 ], [ -122.732542, 47.205818 ], [ -122.731042, 47.199518 ], [ -122.711036, 47.195957 ], [ -122.759505, 47.141315 ], [ -122.820576, 47.19422 ], [ -122.825192, 47.217955 ], [ -122.852918, 47.257824 ] ] ] } },
{ "type": "Feature", "properties": { "STATEFP": "53", "SLDLST": "027", "GEOID": "53027", "GEOIDFQ": "620L900US53027", "NAMELSAD": "Legislative (House) District 27", "LSAD": "LH", "LSY": "2024", "MTFCC": "G5220", "FUNCSTAT": "N", "ALAND": 111799177, "AWATER": 46461291, "INTPTLAT": "+47.2673380", "INTPTLON": "-122.4493558" }, "geometry": { "type": "Polygon", "coordinates": [ [ [ -122.563107, 47.250568 ], [ -122.540738, 47.29032 ], [ -122.560339, 47.316119 ], [ -122.533474, 47.332082 ], [ -122.513881, 47.320537 ], [ -122.484064, 47.317329 ], [ -122.437252, 47.333717 ], [ -122.336992, 47.264582 ], [ -122.337302, 47.245309 ], [ -122.320426, 47.228509 ], [ -122.320399, 47.207017 ], [ -122.399631, 47.240991 ], [ -122.431212, 47.233391 ], [ -122.435953, 47.213614 ], [ -122.505385, 47.206514 ], [ -122.50495, 47.242912 ], [ -122.551508, 47.242676 ], [ -122.552358, 47.235273 ], [ -122.558378, 47.235349 ], [ -122.552206, 47.2427 ], [ -122.563107, 47.250568 ] ] ] } },
{ "type": "Feature", "properties": { "STATEFP": "53", "SLDLST": "028", "GEOID": "53028", "GEOIDFQ": "620L900US53028", "NAMELSAD": "Legislative (House) District 28", "LSAD": "LH", "LSY": "2024", "MTFCC": "G5220", "FUNCSTAT": "N", "ALAND": 406243888, "AWATER": 94977636, "INTPTLAT": "+47.1126427", "INTPTLON": "-122.5865476" }, "geometry": { "type": "Polygon", "coordinates": [ [ [ -122.759741, 47.146058 ], [ -122.711036, 47.195957 ], [ -122.731042, 47.199518 ], [ -122.732542, 47.205818 ], [ -122.711242, 47.230518 ], [ -122.675341, 47.251319 ], [ -122.622139, 47.209219 ], [ -122.600538, 47.209719 ], [ -122.565437, 47.24682 ], [ -122.552206, 47.2427 ], [ -122.558378, 47.235349 ], [ -122.551508, 47.242676 ], [ -122.50495, 47.242912 ], [ -122.505233, 47.194336 ], [ -122.508671, 47.199245 ], [ -122.52122, 47.195627 ], [ -122.508772, 47.192006 ], [ -122.505297, 47.180781 ], [ -122.492287, 47.180775 ], [ -122.496775, 47.159435 ], [ -122.467762, 47.160069 ], [ -122.463765, 47.136046 ], [ -122.469627, 47.127649 ], [ -122.458553, 47.12414 ], [ -122.458358, 47.106944 ], [ -122.451288, 47.097468 ], [ -122.429162, 47.097265 ], [ -122.428013, 47.082627 ], [ -122.403422, 47.082327 ], [ -122.400586, 47.055914 ], [ -122.376701, 47.053112 ], [ -122.376788, 47.047369 ], [ -122.390499, 47.04584 ], [ -122.373931, 47.038464 ], [ -122.369506, 47.020319 ], [ -122.492961, 47.033604 ], [ -122.527736, 47.006653 ], [ -122.558695, 47.001981 ], [ -122.563985, 46.966931 ], [ -122.587093, 46.966765 ], [ -122.575442, 46.971291 ], [ -122.580546, 46.977564 ], [ -122.611047, 46.9767 ], [ -122.611602, 46.967213 ], [ -122.628113, 46.97111 ], [ -122.638552, 46.979086 ], [ -122.630302, 46.998339 ], [ -122.650622, 47.007317 ], [ -122.659863, 47.003225 ], [ -122.679865, 47.028191 ], [ -122.676812, 47.042654 ], [ -122.70314, 47.064649 ], [ -122.707544, 47.085332 ], [ -122.692178, 47.099206 ], [ -122.698197, 47.116001 ], [ -122.722618, 47.121181 ], [ -122.759741, 47.146058 ] ] ] } },
{ "type": "Feature", "properties": { "STATEFP": "53", "SLDLST": "029", "GEOID": "53029", "GEOIDFQ": "620L900US53029", "NAMELSAD": "Legislative (House) District 29", "LSAD": "LH", "LSY": "2024", "MTFCC": "G5220", "FUNCSTAT": "N", "ALAND": 88459193, "AWATER": 1414778, "INTPTLAT": "+47.1651653", "INTPTLON": "-122.4392660" }, "geometry": { "type": "Polygon", "coordinates": [ [ [ -122.521506, 47.198898 ], [ -122.505233, 47.194336 ], [ -122.505385, 47.206514 ], [ -122.476256, 47.206499 ], [ -122.473086, 47.214801 ], [ -122.435953, 47.213614 ], [ -122.431212, 47.233391 ], [ -122.39427, 47.237814 ], [ -122.396216, 47.158125 ], [ -122.415427, 47.158956 ], [ -122.415713, 47.135982 ], [ -122.376851, 47.118689 ], [ -122.389226, 47.118559 ], [ -122.389192, 47.096773 ], [ -122.410754, 47.097003 ], [ -122.413312, 47.08245 ], [ -122.424307, 47.082546 ], [ -122.429162, 47.097265 ], [ -122.451288, 47.097468 ], [ -122.458553, 47.12414 ], [ -122.469627, 47.127649 ], [ -122.463765, 47.136046 ], [ -122.467762, 47.160069 ], [ -122.496775, 47.159435 ], [ -122.492287, 47.180775 ], [ -122.505297, 47.180781 ], [ -122.521506, 47.198898 ] ] ] } },
{ "type": "Feature", "properties": { "STATEFP": "53", "SLDLST": "013", "GEOID": "53013", "GEOIDFQ": "620L900US53013", "NAMELSAD": "Legislative (House) District 13", "LSAD": "LH", "LSY": "2024", "MTFCC": "G5220", "FUNCSTAT": "N", "ALAND": 13039521621, "AWATER": 378755312, "INTPTLAT": "+47.1877485", "INTPTLON": "-120.0159246" }, "geometry": { "type": "Polygon", "coordinates": [ [ [ -121.465976, 47.367841 ], [ -121.43777, 47.371847 ], [ -121.440509, 47.385771 ], [ -121.426104, 47.389854 ], [ -121.433816, 47.399107 ], [ -121.42282, 47.405995 ], [ -121.427252, 47.420846 ], [ -121.385247, 47.434389 ], [ -121.379259, 47.454305 ], [ -121.363923, 47.464833 ], [ -121.312037, 47.479167 ], [ -121.29222, 47.50209 ], [ -121.29195, 47.513551 ], [ -121.242636, 47.535995 ], [ -121.2289, 47.565603 ], [ -121.179849, 47.564981 ], [ -121.169846, 47.578494 ], [ -121.172192, 47.590233 ], [ -121.119809, 47.591333 ], [ -121.115964, 47.597939 ], [ -121.092879, 47.586346 ], [ -121.075041, 47.550937 ], [ -121.023458, 47.523759 ], [ -120.996502, 47.518502 ], [ -120.983218, 47.492939 ], [ -120.946571, 47.472654 ], [ -120.953119, 47.46266 ], [ -120.93057, 47.457687 ], [ -120.917864, 47.429321 ], [ -120.843269, 47.411599 ], [ -120.828647, 47.423879 ], [ -120.80333, 47.423049 ], [ -120.783262, 47.399581 ], [ -120.734374, 47.393755 ], [ -120.721193, 47.370051 ], [ -120.664368, 47.343305 ], [ -120.617391, 47.345328 ], [ -120.578632, 47.337228 ], [ -120.564433, 47.308223 ], [ -120.528765, 47.316279 ], [ -120.532062, 47.329539 ], [ -120.524669, 47.333302 ], [ -120.515329, 47.320148 ], [ -120.459896, 47.300305 ], [ -120.426794, 47.274395 ], [ -120.406037, 47.274068 ], [ -120.389197, 47.260935 ], [ -120.09446, 47.262159 ], [ -120.086308, 47.338942 ], [ -120.129573, 47.366251 ], [ -120.258853, 47.383388 ], [ -120.260359, 47.398519 ], [ -120.239583, 47.398628 ], [ -120.239578, 47.420425 ], [ -120.218446, 47.420428 ], [ -120.218427, 47.40591 ], [ -120.175585, 47.405938 ], [ -120.175903, 47.434414 ], [ -120.09086, 47.434842 ], [ -120.090284, 47.420452 ], [ -120.069971, 47.420581 ], [ -120.069461, 47.391545 ], [ -119.962089, 47.392208 ], [ -119.96234, 47.495083 ], [ -119.940858, 47.495219 ], [ -119.941183, 47.509671 ], [ -119.854519, 47.509988 ], [ -119.854357, 47.495422 ], [ -119.746653, 47.497196 ], [ -119.747287, 47.439312 ], [ -119.533123, 47.441207 ], [ -119.532889, 47.527756 ], [ -119.511691, 47.527633 ], [ -119.512092, 47.54204 ], [ -119.490467, 47.54202 ], [ -119.490098, 47.556541 ], [ -119.469174, 47.556606 ], [ -119.469099, 47.57076 ], [ -119.447682, 47.570455 ], [ -119.4478, 47.584899 ], [ -119.426839, 47.584777 ], [ -119.426769, 47.599063 ], [ -119.405319, 47.599012 ], [ -119.405196, 47.612636 ], [ -119.341767, 47.612388 ], [ -119.341485, 47.626748 ], [ -119.320304, 47.626797 ], [ -119.320144, 47.670232 ], [ -119.298843, 47.670403 ], [ -119.298649, 47.728328 ], [ -119.277238, 47.728238 ], [ -119.277167, 47.742603 ], [ -119.255783, 47.742514 ], [ -119.255862, 47.771687 ], [ -119.234166, 47.771981 ], [ -119.2339, 47.800662 ], [ -119.21241, 47.800695 ], [ -119.212225, 47.887708 ], [ -119.190631, 47.887812 ], [ -119.190552, 47.902465 ], [ -119.147399, 47.90265 ], [ -119.1474, 47.917388 ], [ -119.125904, 47.917301 ], [ -119.125581, 47.946803 ], [ -119.103966, 47.946693 ], [ -119.103873, 47.961763 ], [ -118.982234, 47.962025 ], [ -118.982754, 47.949782 ], [ -118.972823, 47.940997 ], [ -118.982652, 46.911344 ], [ -119.13607, 46.91222 ], [ -119.14451, 46.89797 ], [ -119.13315, 46.88713 ], [ -119.13315, 46.84097 ], [ -119.175349, 46.846119 ], [ -119.186861, 46.814166 ], [ -119.16563, 46.811538 ], [ -119.1653, 46.8191 ], [ -119.13348, 46.82469 ], [ -119.13218, 46.75931 ], [ -119.080797, 46.737761 ], [ -119.369429, 46.737695 ], [ -119.369377, 46.795591 ], [ -119.83384, 46.795684 ], [ -119.832142, 46.737253 ], [ -119.874744, 46.737541 ], [ -119.874546, 46.708367 ], [ -119.916482, 46.70835 ], [ -119.906578, 46.674121 ], [ -119.915308, 46.671278 ], [ -119.90802, 46.664551 ], [ -119.933088, 46.664559 ], [ -119.944218, 46.673242 ], [ -119.972706, 46.723239 ], [ -119.973036, 46.737126 ], [ -120.51, 46.737946 ], [ -120.508605, 46.824862 ], [ -120.633981, 46.825776 ], [ -120.634562, 46.91213 ], [ -121.02662, 46.911308 ], [ -121.042442, 46.92214 ], [ -121.042463, 46.933021 ], [ -121.052987, 46.933025 ], [ -121.068815, 46.947576 ], [ -121.06885, 46.958465 ], [ -121.089957, 46.969295 ], [ -121.090054, 46.991007 ], [ -121.12376, 46.999119 ], [ -121.135765, 47.017233 ], [ -121.181369, 47.044256 ], [ -121.194697, 47.044167 ], [ -121.218842, 47.06564 ], [ -121.28101, 47.08875 ], [ -121.311259, 47.076915 ], [ -121.341331, 47.079353 ], [ -121.364091, 47.071668 ], [ -121.382766, 47.094769 ], [ -121.402526, 47.098013 ], [ -121.399058, 47.104598 ], [ -121.408081, 47.1181 ], [ -121.393968, 47.132762 ], [ -121.364677, 47.141759 ], [ -121.335095, 47.132683 ], [ -121.303413, 47.13889 ], [ -121.29755, 47.148673 ], [ -121.317823, 47.173387 ], [ -121.306138, 47.187954 ], [ -121.30927, 47.203595 ], [ -121.325183, 47.216086 ], [ -121.365109, 47.224431 ], [ -121.360747, 47.240526 ], [ -121.331979, 47.257418 ], [ -121.341568, 47.281658 ], [ -121.361778, 47.291935 ], [ -121.372603, 47.284972 ], [ -121.4163, 47.293499 ], [ -121.419419, 47.286726 ], [ -121.427492, 47.289075 ], [ -121.432682, 47.304955 ], [ -121.445331, 47.309816 ], [ -121.430511, 47.334487 ], [ -121.464064, 47.353818 ], [ -121.465976, 47.367841 ] ] ] } },
{ "type": "Feature", "properties": { "STATEFP": "53", "SLDLST": "015", "GEOID": "53015", "GEOIDFQ": "620L900US53015", "NAMELSAD": "Legislative (House) District 15", "LSAD": "LH", "LSY": "2024", "MTFCC": "G5220", "FUNCSTAT": "N", "ALAND": 5897864990, "AWATER": 34847829, "INTPTLAT": "+46.6418550", "INTPTLON": "-120.6389853" }, "geometry": { "type": "Polygon", "coordinates": [ [ [ -121.523034, 46.872867 ], [ -121.496986, 46.908342 ], [ -121.456447, 46.923577 ], [ -121.44949, 46.935324 ], [ -121.45838, 46.96057 ], [ -121.442143, 46.972936 ], [ -121.446276, 46.97998 ], [ -121.407089, 46.997489 ], [ -121.406193, 47.012176 ], [ -121.394795, 47.022775 ], [ -121.399801, 47.033464 ], [ -121.37425, 47.056436 ], [ -121.381798, 47.086145 ], [ -121.359236, 47.07074 ], [ -121.347136, 47.078739 ], [ -121.318475, 47.075563 ], [ -121.280716, 47.088731 ], [ -121.218842, 47.06564 ], [ -121.194697, 47.044167 ], [ -121.165569, 47.035496 ], [ -121.13487, 47.016458 ], [ -121.123477, 46.998969 ], [ -121.090054, 46.991007 ], [ -121.089957, 46.969295 ], [ -121.06885, 46.958465 ], [ -121.068815, 46.947576 ], [ -121.052987, 46.933025 ], [ -121.042463, 46.933021 ], [ -121.042442, 46.92214 ], [ -121.02662, 46.911308 ], [ -120.634562, 46.91213 ], [ -120.633981, 46.825776 ], [ -120.508605, 46.824862 ], [ -120.51, 46.737946 ], [ -119.973036, 46.737126 ], [ -119.972706, 46.723239 ], [ -119.944218, 46.673242 ], [ -119.901483, 46.635602 ], [ -119.874057, 46.628585 ], [ -119.874287, 46.476412 ], [ -119.788503, 46.47637 ], [ -119.787226, 46.446519 ], [ -119.777037, 46.446611 ], [ -119.776773, 46.432297 ], [ -119.745184, 46.417967 ], [ -119.639532, 46.418716 ], [ -119.639508, 46.411444 ], [ -119.618478, 46.403867 ], [ -119.619278, 46.265863 ], [ -119.628323, 46.259385 ], [ -119.621018, 46.25929 ], [ -119.621678, 46.24262 ], [ -119.642952, 46.242876 ], [ -119.642922, 46.228669 ], [ -119.684895, 46.228478 ], [ -119.684865, 46.214237 ], [ -119.705789, 46.214283 ], [ -119.705803, 46.202128 ], [ -119.737475, 46.200142 ], [ -119.742692, 46.206961 ], [ -119.758317, 46.199578 ], [ -119.758363, 46.191302 ], [ -119.809765, 46.186028 ], [ -119.792425, 46.198943 ], [ -119.842857, 46.191319 ], [ -119.866653, 46.195998 ], [ -119.866537, 46.214577 ], [ -119.873562, 46.214605 ], [ -119.873455, 46.263876 ], [ -119.889137, 46.261392 ], [ -119.884049, 46.272943 ], [ -119.894541, 46.277378 ], [ -119.915946, 46.272817 ], [ -119.923388, 46.284593 ], [ -119.936515, 46.280163 ], [ -119.931342, 46.271998 ], [ -119.936597, 46.267538 ], [ -119.924525, 46.26646 ], [ -119.936606, 46.265728 ], [ -119.936612, 46.251171 ], [ -120.02048, 46.251182 ], [ -120.019977, 46.272963 ], [ -119.999295, 46.272803 ], [ -119.999109, 46.295595 ], [ -120.014782, 46.298395 ], [ -119.996617, 46.314596 ], [ -119.984757, 46.313234 ], [ -119.986001, 46.302206 ], [ -119.957646, 46.296779 ], [ -119.970813, 46.306752 ], [ -119.968425, 46.313321 ], [ -119.983312, 46.316942 ], [ -119.958895, 46.331626 ], [ -119.993057, 46.329303 ], [ -119.996476, 46.341911 ], [ -120.004275, 46.332424 ], [ -120.016632, 46.338323 ], [ -120.041051, 46.329384 ], [ -120.072496, 46.331203 ], [ -120.062295, 46.327535 ], [ -120.062326, 46.316597 ], [ -120.15193, 46.315241 ], [ -120.177388, 46.33093 ], [ -120.180429, 46.342508 ], [ -120.172022, 46.341965 ], [ -120.180487, 46.353574 ], [ -120.209141, 46.360694 ], [ -120.208486, 46.347234 ], [ -120.220763, 46.35093 ], [ -120.210125, 46.362135 ], [ -120.22143, 46.364455 ], [ -120.231682, 46.384288 ], [ -120.24056, 46.381543 ], [ -120.252415, 46.394832 ], [ -120.268695, 46.393515 ], [ -120.327146, 46.413788 ], [ -120.342977, 46.428614 ], [ -120.35193, 46.42756 ], [ -120.348471, 46.443623 ], [ -120.383354, 46.464152 ], [ -120.403398, 46.466773 ], [ -120.449223, 46.499148 ], [ -120.458699, 46.518281 ], [ -120.477005, 46.518543 ], [ -120.471636, 46.556302 ], [ -120.464533, 46.557211 ], [ -120.472435, 46.570401 ], [ -120.46037, 46.582669 ], [ -120.488462, 46.615884 ], [ -120.530463, 46.612573 ], [ -120.530433, 46.601605 ], [ -120.518384, 46.592453 ], [ -120.519917, 46.585246 ], [ -120.53034, 46.58524 ], [ -120.530314, 46.568505 ], [ -120.520096, 46.564939 ], [ -120.528269, 46.557292 ], [ -120.552253, 46.557917 ], [ -120.552506, 46.550806 ], [ -120.569512, 46.553771 ], [ -120.661533, 46.530952 ], [ -120.873178, 46.526722 ], [ -121.023767, 46.467311 ], [ -121.096294, 46.464092 ], [ -121.119467, 46.453663 ], [ -121.118953, 46.445063 ], [ -121.126187, 46.471028 ], [ -121.139924, 46.472509 ], [ -121.153552, 46.491551 ], [ -121.18756, 46.498967 ], [ -121.209313, 46.512557 ], [ -121.25421, 46.495832 ], [ -121.271916, 46.478471 ], [ -121.265289, 46.470137 ], [ -121.299231, 46.456472 ], [ -121.380435, 46.468122 ], [ -121.40685, 46.488206 ], [ -121.45014, 46.503526 ], [ -121.455981, 46.516728 ], [ -121.451256, 46.533894 ], [ -121.416646, 46.54824 ], [ -121.420851, 46.552283 ], [ -121.41271, 46.558668 ], [ -121.42457, 46.570285 ], [ -121.405711, 46.582344 ], [ -121.407583, 46.602105 ], [ -121.386708, 46.621204 ], [ -121.386383, 46.636041 ], [ -121.397738, 46.641201 ], [ -121.395246, 46.646125 ], [ -121.416275, 46.6514 ], [ -121.413217, 46.675868 ], [ -121.398949, 46.68808 ], [ -121.37668, 46.686486 ], [ -121.379784, 46.701764 ], [ -121.353179, 46.712266 ], [ -121.369476, 46.72642 ], [ -121.406014, 46.727394 ], [ -121.430333, 46.740162 ], [ -121.424281, 46.756629 ], [ -121.442036, 46.758291 ], [ -121.438645, 46.762561 ], [ -121.455027, 46.780602 ], [ -121.442526, 46.792988 ], [ -121.474439, 46.820225 ], [ -121.470172, 46.826404 ], [ -121.484197, 46.834274 ], [ -121.497345, 46.862866 ], [ -121.523034, 46.872867 ] ] ] } },
{ "type": "Feature", "properties": { "STATEFP": "53", "SLDLST": "009", "GEOID": "53009", "GEOIDFQ": "620L900US53009", "NAMELSAD": "Legislative (House) District 9", "LSAD": "LH", "LSY": "2024", "MTFCC": "G5220", "FUNCSTAT": "N", "ALAND": 24178336549, "AWATER": 195505601, "INTPTLAT": "+46.9701268", "INTPTLON": "-117.9442976" }, "geometry": { "type": "Polygon", "coordinates": [ [ [ -119.18708, 46.81145 ], [ -119.175349, 46.846119 ], [ -119.13315, 46.84097 ], [ -119.13315, 46.88713 ], [ -119.14451, 46.89797 ], [ -119.13607, 46.91222 ], [ -118.982652, 46.911344 ], [ -118.973504, 47.943414 ], [ -118.846686, 47.957697 ], [ -118.834857, 47.95321 ], [ -118.829403, 47.933139 ], [ -118.815548, 47.922046 ], [ -118.730325, 47.900169 ], [ -118.711682, 47.903347 ], [ -118.708505, 47.932041 ], [ -118.6926, 47.94215 ], [ -118.661953, 47.937407 ], [ -118.647371, 47.925562 ], [ -118.570396, 47.932318 ], [ -118.533498, 47.914877 ], [ -118.543977, 47.888575 ], [ -118.53922, 47.877653 ], [ -118.499243, 47.873849 ], [ -118.464235, 47.881899 ], [ -118.456165, 47.854474 ], [ -118.44582, 47.845496 ], [ -118.383451, 47.830363 ], [ -118.357065, 47.841599 ], [ -118.349911, 47.882572 ], [ -118.340938, 47.894316 ], [ -118.321711, 47.896289 ], [ -118.316438, 47.909454 ], [ -118.252693, 47.942367 ], [ -118.212323, 47.945493 ], [ -118.17731, 47.911774 ], [ -118.178509, 47.901986 ], [ -118.160206, 47.89721 ], [ -118.160586, 47.885102 ], [ -118.142658, 47.883588 ], [ -118.122895, 47.857271 ], [ -118.119245, 47.833518 ], [ -118.097131, 47.828449 ], [ -118.078182, 47.800062 ], [ -118.046796, 47.792331 ], [ -118.035954, 47.802716 ], [ -118.012863, 47.805974 ], [ -117.989057, 47.834682 ], [ -117.935279, 47.823208 ], [ -117.886306, 47.838335 ], [ -117.880451, 47.847739 ], [ -117.839958, 47.83804 ], [ -117.820947, 47.825775 ], [ -117.822123, 47.55133 ], [ -117.709627, 47.561023 ], [ -117.709712, 47.547388 ], [ -117.698764, 47.547376 ], [ -117.693309, 47.561847 ], [ -117.647051, 47.575367 ], [ -117.611835, 47.571636 ], [ -117.593969, 47.543707 ], [ -117.564434, 47.543733 ], [ -117.564542, 47.576438 ], [ -117.547178, 47.575241 ], [ -117.543535, 47.586122 ], [ -117.497483, 47.58338 ], [ -117.499471, 47.564118 ], [ -117.467443, 47.575141 ], [ -117.447346, 47.595047 ], [ -117.431597, 47.5871 ], [ -117.400106, 47.586788 ], [ -117.388582, 47.598904 ], [ -117.395269, 47.605948 ], [ -117.357623, 47.603956 ], [ -117.341462, 47.612846 ], [ -117.337641, 47.62444 ], [ -117.347092, 47.622794 ], [ -117.346986, 47.642773 ], [ -117.297824, 47.642594 ], [ -117.304134, 47.651071 ], [ -117.289767, 47.655408 ], [ -117.265348, 47.627947 ], [ -117.272078, 47.627938 ], [ -117.278526, 47.608946 ], [ -117.25469, 47.600211 ], [ -117.228549, 47.627891 ], [ -117.175197, 47.633452 ], [ -117.178127, 47.642353 ], [ -117.142868, 47.649593 ], [ -117.142867, 47.656898 ], [ -117.121571, 47.656869 ], [ -117.121468, 47.649547 ], [ -117.068296, 47.656676 ], [ -117.06404, 47.689195 ], [ -117.087195, 47.681208 ], [ -117.089786, 47.680572 ], [ -117.089806, 47.682051 ], [ -117.041732, 47.6977 ], [ -117.039766, 46.425887 ], [ -117.034626, 46.417845 ], [ -117.062788, 46.353605 ], [ -117.024305, 46.336276 ], [ -117.020581, 46.314789 ], [ -116.986216, 46.29595 ], [ -116.991195, 46.27696 ], [ -116.967805, 46.258475 ], [ -116.95548, 46.230984 ], [ -116.965384, 46.203122 ], [ -116.922341, 46.168774 ], [ -116.934987, 46.153528 ], [ -116.934729, 46.137294 ], [ -116.949851, 46.124486 ], [ -116.955424, 46.101861 ], [ -116.982589, 46.090075 ], [ -116.978429, 46.079725 ], [ -116.957866, 46.075457 ], [ -116.942793, 46.061115 ], [ -116.916071, 45.995357 ], [ -117.99697, 46.00056 ], [ -117.991481, 46.207702 ], [ -118.116624, 46.20805 ], [ -118.116117, 46.295455 ], [ -118.241872, 46.295064 ], [ -118.242619, 46.559941 ], [ -118.228013, 46.560413 ], [ -118.228635, 46.593362 ], [ -118.21566, 46.588924 ], [ -118.208275, 46.609718 ], [ -118.199463, 46.607917 ], [ -118.198228, 46.621533 ], [ -118.215411, 46.632098 ], [ -118.230732, 46.656437 ], [ -118.217536, 46.679278 ], [ -118.249389, 46.733468 ], [ -118.210243, 46.738833 ], [ -119.080797, 46.737761 ], [ -119.13218, 46.75931 ], [ -119.13348, 46.82469 ], [ -119.1653, 46.8191 ], [ -119.16563, 46.811538 ], [ -119.18708, 46.81145 ] ] ] } },
{ "type": "Feature", "properties": { "STATEFP": "53", "SLDLST": "040", "GEOID": "53040", "GEOIDFQ": "620L900US53040", "NAMELSAD": "Legislative (House) District 40", "LSAD": "LH", "LSY": "2024", "MTFCC": "G5220", "FUNCSTAT": "N", "ALAND": 1057291393, "AWATER": 1546885150, "INTPTLAT": "+48.5459380", "INTPTLON": "-122.7658662" }, "geometry": { "type": "Polygon", "coordinates": [ [ [ -123.267877, 48.693993 ], [ -123.008486, 48.767099 ], [ -123.008485, 48.831219 ], [ -122.809987, 48.770699 ], [ -122.748858, 48.722558 ], [ -122.706003, 48.670681 ], [ -122.704207, 48.657204 ], [ -122.713704, 48.64513 ], [ -122.660899, 48.645349 ], [ -122.621115, 48.6279 ], [ -122.565915, 48.629913 ], [ -122.597751, 48.67188 ], [ -122.593669, 48.724624 ], [ -122.531505, 48.724599 ], [ -122.531505, 48.735869 ], [ -122.514727, 48.73568 ], [ -122.515248, 48.75631 ], [ -122.489004, 48.742318 ], [ -122.465071, 48.749061 ], [ -122.461804, 48.756429 ], [ -122.445253, 48.756439 ], [ -122.445334, 48.771099 ], [ -122.428239, 48.771825 ], [ -122.426331, 48.785622 ], [ -122.395996, 48.804129 ], [ -122.355051, 48.803723 ], [ -122.355328, 48.767599 ], [ -122.343723, 48.767614 ], [ -122.350286, 48.756299 ], [ -122.303467, 48.731477 ], [ -122.212197, 48.734043 ], [ -122.172772, 48.69503 ], [ -122.19199, 48.685721 ], [ -122.210321, 48.645689 ], [ -122.356378, 48.645072 ], [ -122.324047, 48.594466 ], [ -122.34038, 48.530003 ], [ -122.334756, 48.507645 ], [ -122.285881, 48.507456 ], [ -122.28603, 48.492849 ], [ -122.280403, 48.496714 ], [ -122.311152, 48.475429 ], [ -122.313547, 48.449955 ], [ -122.291932, 48.453757 ], [ -122.29584, 48.44281 ], [ -122.256542, 48.421303 ], [ -122.270101, 48.414528 ], [ -122.264351, 48.398973 ], [ -122.292184, 48.399116 ], [ -122.29212, 48.384532 ], [ -122.326253, 48.38479 ], [ -122.325298, 48.411952 ], [ -122.313304, 48.413654 ], [ -122.313331, 48.420992 ], [ -122.339844, 48.4279 ], [ -122.347452, 48.468918 ], [ -122.433271, 48.446021 ], [ -122.538482, 48.462708 ], [ -122.565678, 48.459075 ], [ -122.568624, 48.448047 ], [ -122.582521, 48.454573 ], [ -122.625215, 48.445487 ], [ -122.641591, 48.456365 ], [ -122.636308, 48.484274 ], [ -122.75089, 48.488703 ], [ -122.755766, 48.477322 ], [ -122.733722, 48.412633 ], [ -122.74853, 48.381445 ], [ -122.763943, 48.371549 ], [ -122.862868, 48.370419 ], [ -123.247919, 48.284558 ], [ -123.115138, 48.42283 ], [ -123.159874, 48.453507 ], [ -123.218929, 48.548708 ], [ -123.267877, 48.693993 ] ] ] } },
{ "type": "Feature", "properties": { "STATEFP": "53", "SLDLST": "035", "GEOID": "53035", "GEOIDFQ": "620L900US53035", "NAMELSAD": "Legislative (House) District 35", "LSAD": "LH", "LSY": "2024", "MTFCC": "G5220", "FUNCSTAT": "N", "ALAND": 3575947907, "AWATER": 326541179, "INTPTLAT": "+47.2921067", "INTPTLON": "-123.0951521" }, "geometry": { "type": "Polygon", "coordinates": [ [ [ -123.50608, 47.431783 ], [ -123.505917, 47.604615 ], [ -122.950621, 47.606308 ], [ -122.931628, 47.626391 ], [ -122.849717, 47.666042 ], [ -122.77049, 47.677523 ], [ -122.703575, 47.666585 ], [ -122.708825, 47.613907 ], [ -122.686309, 47.613898 ], [ -122.683103, 47.594882 ], [ -122.698951, 47.596331 ], [ -122.699417, 47.585454 ], [ -122.735822, 47.577876 ], [ -122.736154, 47.556088 ], [ -122.762497, 47.570491 ], [ -122.778291, 47.567091 ], [ -122.773015, 47.559836 ], [ -122.783784, 47.545514 ], [ -122.805175, 47.54574 ], [ -122.800831, 47.524007 ], [ -122.768477, 47.525165 ], [ -122.779542, 47.504781 ], [ -122.778387, 47.484052 ], [ -122.79867, 47.472009 ], [ -122.800624, 47.461954 ], [ -122.777887, 47.461617 ], [ -122.772416, 47.469167 ], [ -122.723584, 47.465257 ], [ -122.682633, 47.475674 ], [ -122.666338, 47.484441 ], [ -122.668996, 47.491445 ], [ -122.653135, 47.493973 ], [ -122.653173, 47.48572 ], [ -122.631336, 47.483781 ], [ -122.631079, 47.446917 ], [ -122.644456, 47.446861 ], [ -122.652443, 47.428614 ], [ -122.662776, 47.428597 ], [ -122.668742, 47.414218 ], [ -122.664071, 47.403311 ], [ -122.801199, 47.403578 ], [ -122.806163, 47.320681 ], [ -122.852565, 47.26348 ], [ -122.848831, 47.245373 ], [ -122.824281, 47.216072 ], [ -122.820576, 47.19422 ], [ -122.877323, 47.159009 ], [ -122.903521, 47.157533 ], [ -122.90984, 47.165044 ], [ -122.951834, 47.12853 ], [ -122.95333, 47.104215 ], [ -123.006233, 47.077251 ], [ -123.011323, 47.065528 ], [ -122.982127, 47.042051 ], [ -122.994759, 47.023508 ], [ -122.951699, 47.010788 ], [ -122.971131, 46.993564 ], [ -122.963549, 46.987396 ], [ -122.967785, 46.974502 ], [ -122.949418, 46.972293 ], [ -122.934127, 46.981793 ], [ -122.935204, 46.960038 ], [ -122.950125, 46.952746 ], [ -122.944432, 46.94012 ], [ -122.929143, 46.945571 ], [ -122.928993, 46.967266 ], [ -122.913298, 46.967158 ], [ -122.915863, 46.952796 ], [ -122.876128, 46.952761 ], [ -122.879177, 46.965757 ], [ -122.862243, 46.982647 ], [ -122.877209, 47.007195 ], [ -122.839056, 47.010691 ], [ -122.833628, 46.996262 ], [ -122.796505, 46.9905 ], [ -122.784426, 46.99614 ], [ -122.79001, 47.004575 ], [ -122.75978, 47.003251 ], [ -122.759699, 46.985101 ], [ -122.722835, 46.985272 ], [ -122.719632, 46.96835 ], [ -122.738554, 46.96183 ], [ -122.738301, 46.952385 ], [ -122.696494, 46.952387 ], [ -122.696403, 46.937826 ], [ -122.675262, 46.938021 ], [ -122.671591, 46.923336 ], [ -122.69111, 46.916001 ], [ -122.703055, 46.894333 ], [ -122.69772, 46.883448 ], [ -122.7112, 46.876359 ], [ -122.793371, 46.85889 ], [ -122.852588, 46.863896 ], [ -122.893352, 46.84264 ], [ -122.962133, 46.82222 ], [ -123.023053, 46.822167 ], [ -123.023501, 46.811578 ], [ -123.037034, 46.811523 ], [ -123.036798, 46.802543 ], [ -123.065512, 46.815638 ], [ -123.065879, 46.807546 ], [ -123.118022, 46.814444 ], [ -123.1185, 46.8331 ], [ -123.122433, 46.837629 ], [ -123.133879, 46.829795 ], [ -123.132559, 46.841433 ], [ -123.159022, 46.836093 ], [ -123.158364, 46.995871 ], [ -123.203101, 46.996973 ], [ -123.201891, 47.085059 ], [ -123.488943, 47.082646 ], [ -123.490805, 47.258208 ], [ -123.505021, 47.258535 ], [ -123.50608, 47.431783 ] ] ] } },
{ "type": "Feature", "properties": { "STATEFP": "53", "SLDLST": "031", "GEOID": "53031", "GEOIDFQ": "620L900US53031", "NAMELSAD": "Legislative (House) District 31", "LSAD": "LH", "LSY": "2024", "MTFCC": "G5220", "FUNCSTAT": "N", "ALAND": 1449294974, "AWATER": 12459584, "INTPTLAT": "+47.0880441", "INTPTLON": "-121.8577138" }, "geometry": { "type": "Polygon", "coordinates": [ [ [ -122.340259, 47.261045 ], [ -122.229495, 47.257556 ], [ -122.230031, 47.26673 ], [ -122.208081, 47.27492 ], [ -122.21338, 47.303874 ], [ -122.202859, 47.306406 ], [ -122.170184, 47.299366 ], [ -122.086408, 47.301113 ], [ -122.080238, 47.250077 ], [ -122.101727, 47.249963 ], [ -122.101637, 47.2427 ], [ -122.045068, 47.242734 ], [ -122.037572, 47.236508 ], [ -122.03751, 47.194914 ], [ -122.048177, 47.192 ], [ -122.04814, 47.184895 ], [ -122.037498, 47.184723 ], [ -122.037449, 47.173219 ], [ -121.993932, 47.17257 ], [ -121.991167, 47.163077 ], [ -121.952108, 47.154514 ], [ -121.943816, 47.14005 ], [ -121.932917, 47.138563 ], [ -121.927892, 47.147705 ], [ -121.901538, 47.155742 ], [ -121.839457, 47.143397 ], [ -121.795804, 47.173226 ], [ -121.743086, 47.164538 ], [ -121.719136, 47.151116 ], [ -121.684173, 47.149785 ], [ -121.661409, 47.159958 ], [ -121.620794, 47.149399 ], [ -121.589114, 47.120231 ], [ -121.512515, 47.122995 ], [ -121.489776, 47.116367 ], [ -121.441756, 47.084402 ], [ -121.381495, 47.087994 ], [ -121.374115, 47.057005 ], [ -121.399801, 47.033464 ], [ -121.394795, 47.022775 ], [ -121.406193, 47.012176 ], [ -121.409122, 46.995189 ], [ -121.446211, 46.980049 ], [ -121.442143, 46.972936 ], [ -121.457728, 46.964036 ], [ -121.449464, 46.934353 ], [ -121.475376, 46.913272 ], [ -121.497774, 46.90739 ], [ -121.729176, 46.907387 ], [ -121.72917, 46.996169 ], [ -121.905831, 46.996232 ], [ -121.966186, 46.987526 ], [ -122.030986, 47.014705 ], [ -122.037161, 47.02556 ], [ -122.055854, 47.025324 ], [ -122.065185, 47.047296 ], [ -122.061565, 47.065598 ], [ -122.071615, 47.068326 ], [ -122.077658, 47.067743 ], [ -122.077491, 47.054446 ], [ -122.104558, 47.054368 ], [ -122.105158, 47.025041 ], [ -122.21088, 47.024106 ], [ -122.210674, 47.038213 ], [ -122.220337, 47.035558 ], [ -122.220047, 47.051654 ], [ -122.294789, 47.053081 ], [ -122.27785, 47.066749 ], [ -122.286761, 47.078868 ], [ -122.272745, 47.079567 ], [ -122.272367, 47.089882 ], [ -122.23155, 47.085923 ], [ -122.239754, 47.109136 ], [ -122.2201, 47.121793 ], [ -122.232675, 47.131078 ], [ -122.212619, 47.158182 ], [ -122.229468, 47.157887 ], [ -122.229313, 47.184349 ], [ -122.241459, 47.184409 ], [ -122.245502, 47.195087 ], [ -122.258688, 47.199739 ], [ -122.250898, 47.203777 ], [ -122.320604, 47.220563 ], [ -122.340259, 47.261045 ] ] ] } },
{ "type": "Feature", "properties": { "STATEFP": "53", "SLDLST": "039", "GEOID": "53039", "GEOIDFQ": "620L900US53039", "NAMELSAD": "Legislative (House) District 39", "LSAD": "LH", "LSY": "2024", "MTFCC": "G5220", "FUNCSTAT": "N", "ALAND": 7202794882, "AWATER": 74964008, "INTPTLAT": "+48.3353488", "INTPTLON": "-121.6035290" }, "geometry": { "type": "Polygon", "coordinates": [ [ [ -122.356378, 48.645072 ], [ -120.908358, 48.640901 ], [ -120.908357, 48.657003 ], [ -120.751904, 48.657002 ], [ -120.756348, 48.645453 ], [ -120.771692, 48.642627 ], [ -120.788307, 48.625115 ], [ -120.783659, 48.601864 ], [ -120.74413, 48.578843 ], [ -120.717693, 48.596028 ], [ -120.688515, 48.575705 ], [ -120.686097, 48.566496 ], [ -120.700496, 48.559021 ], [ -120.708676, 48.541802 ], [ -120.703556, 48.526401 ], [ -120.765627, 48.508873 ], [ -120.801827, 48.510453 ], [ -120.816787, 48.519604 ], [ -120.809312, 48.528626 ], [ -120.823947, 48.54503 ], [ -120.844655, 48.550552 ], [ -120.858724, 48.546643 ], [ -120.863213, 48.530074 ], [ -120.885401, 48.538187 ], [ -120.90396, 48.533401 ], [ -120.904596, 48.523653 ], [ -120.950502, 48.529581 ], [ -120.951949, 48.499206 ], [ -121.036234, 48.495297 ], [ -121.052761, 48.482013 ], [ -121.063231, 48.459792 ], [ -121.040994, 48.445737 ], [ -121.03713, 48.433027 ], [ -121.046248, 48.418892 ], [ -121.041588, 48.411271 ], [ -121.056463, 48.412137 ], [ -121.066429, 48.393539 ], [ -121.061772, 48.379362 ], [ -121.043073, 48.363428 ], [ -121.040509, 48.348471 ], [ -121.0695, 48.338964 ], [ -121.071589, 48.317802 ], [ -121.003115, 48.298967 ], [ -121.002501, 48.28626 ], [ -121.012094, 48.279909 ], [ -120.959848, 48.227769 ], [ -120.964769, 48.211328 ], [ -120.919271, 48.190388 ], [ -120.907425, 48.163184 ], [ -120.955566, 48.151981 ], [ -120.965216, 48.133962 ], [ -120.9471, 48.113327 ], [ -120.972481, 48.108534 ], [ -120.981311, 48.094379 ], [ -121.015942, 48.074795 ], [ -121.032772, 48.077807 ], [ -121.081382, 48.061754 ], [ -121.097029, 48.064401 ], [ -121.13163, 48.044409 ], [ -121.152961, 48.040952 ], [ -121.117934, 48.006283 ], [ -121.118183, 47.997103 ], [ -121.135606, 47.983031 ], [ -121.164045, 47.986127 ], [ -121.197884, 47.974618 ], [ -121.2245, 47.975959 ], [ -121.251667, 47.957896 ], [ -121.269857, 47.980941 ], [ -121.281955, 47.981721 ], [ -121.378042, 47.95841 ], [ -121.409028, 47.978027 ], [ -121.436837, 47.965132 ], [ -121.451576, 47.968596 ], [ -121.451407, 47.950343 ], [ -121.686844, 47.950207 ], [ -121.712115, 47.938392 ], [ -121.718323, 47.924467 ], [ -121.707422, 47.929046 ], [ -121.706028, 47.905761 ], [ -121.733366, 47.89136 ], [ -121.734682, 47.877214 ], [ -121.799182, 47.882002 ], [ -121.80553, 47.880107 ], [ -121.803244, 47.871096 ], [ -121.816585, 47.86911 ], [ -121.846015, 47.899585 ], [ -121.879544, 47.902707 ], [ -121.896554, 47.926511 ], [ -121.927425, 47.92076 ], [ -121.928097, 47.935112 ], [ -121.938796, 47.934552 ], [ -121.952173, 47.95632 ], [ -121.969523, 47.962695 ], [ -122.000204, 47.963395 ], [ -122.001832, 47.92193 ], [ -122.020197, 47.926016 ], [ -122.026176, 47.9356 ], [ -122.044998, 47.934928 ], [ -122.04317, 47.963035 ], [ -122.048517, 47.975503 ], [ -122.063996, 47.972588 ], [ -122.058964, 47.978847 ], [ -122.071236, 47.97095 ], [ -122.102374, 47.970641 ], [ -122.101998, 47.96368 ], [ -122.135121, 47.974475 ], [ -122.12651, 47.963753 ], [ -122.135782, 47.956329 ], [ -122.171935, 47.941836 ], [ -122.191514, 47.948365 ], [ -122.186082, 47.976617 ], [ -122.151388, 47.991453 ], [ -122.149245, 48.021461 ], [ -122.109388, 48.02146 ], [ -122.110942, 48.053419 ], [ -122.140626, 48.066751 ], [ -122.140546, 48.091959 ], [ -122.165277, 48.094141 ], [ -122.165806, 48.106495 ], [ -122.17608, 48.107213 ], [ -122.175246, 48.099944 ], [ -122.183995, 48.103801 ], [ -122.184324, 48.122947 ], [ -122.194885, 48.126359 ], [ -122.189101, 48.129514 ], [ -122.215677, 48.155539 ], [ -122.196582, 48.15578 ], [ -122.190617, 48.163285 ], [ -122.187405, 48.145093 ], [ -122.098158, 48.144337 ], [ -122.110531, 48.164435 ], [ -122.09391, 48.16619 ], [ -122.101392, 48.191141 ], [ -122.110499, 48.197691 ], [ -122.102235, 48.198909 ], [ -122.107384, 48.207107 ], [ -122.127633, 48.202593 ], [ -122.133402, 48.217641 ], [ -122.151444, 48.21009 ], [ -122.215779, 48.209862 ], [ -122.222288, 48.223657 ], [ -122.332536, 48.329072 ], [ -122.331469, 48.384785 ], [ -122.29212, 48.384532 ], [ -122.292184, 48.399116 ], [ -122.264351, 48.398973 ], [ -122.270101, 48.414528 ], [ -122.256542, 48.421303 ], [ -122.29584, 48.44281 ], [ -122.291932, 48.453757 ], [ -122.313547, 48.449955 ], [ -122.311152, 48.475429 ], [ -122.280363, 48.492539 ], [ -122.280403, 48.496714 ], [ -122.28603, 48.492849 ], [ -122.285881, 48.507456 ], [ -122.334756, 48.507645 ], [ -122.34038, 48.530003 ], [ -122.324047, 48.594466 ], [ -122.356378, 48.645072 ] ] ] } },
{ "type": "Feature", "properties": { "STATEFP": "53", "SLDLST": "038", "GEOID": "53038", "GEOIDFQ": "620L900US53038", "NAMELSAD": "Legislative (House) District 38", "LSAD": "LH", "LSY": "2024", "MTFCC": "G5220", "FUNCSTAT": "N", "ALAND": 194830504, "AWATER": 117030913, "INTPTLAT": "+48.0342948", "INTPTLON": "-122.2440418" }, "geometry": { "type": "Polygon", "coordinates": [ [ [ -122.390637, 48.123616 ], [ -122.184324, 48.122947 ], [ -122.183995, 48.103801 ], [ -122.175246, 48.099944 ], [ -122.17608, 48.107213 ], [ -122.165806, 48.106495 ], [ -122.165277, 48.094141 ], [ -122.140546, 48.091959 ], [ -122.140626, 48.066751 ], [ -122.110942, 48.053419 ], [ -122.109388, 48.02146 ], [ -122.149151, 48.021532 ], [ -122.152131, 47.99027 ], [ -122.187076, 47.975323 ], [ -122.191514, 47.948365 ], [ -122.170811, 47.940488 ], [ -122.174159, 47.921631 ], [ -122.207036, 47.910021 ], [ -122.220951, 47.891275 ], [ -122.229295, 47.907999 ], [ -122.261625, 47.898138 ], [ -122.258179, 47.922853 ], [ -122.262971, 47.936338 ], [ -122.276315, 47.938913 ], [ -122.271904, 47.953314 ], [ -122.309922, 47.952342 ], [ -122.328692, 47.961903 ], [ -122.352102, 48.013377 ], [ -122.340018, 48.044773 ], [ -122.342491, 48.063305 ], [ -122.390637, 48.123616 ] ] ] } },
{ "type": "Feature", "properties": { "STATEFP": "53", "SLDLST": "001", "GEOID": "53001", "GEOIDFQ": "620L900US53001", "NAMELSAD": "Legislative (House) District 1", "LSAD": "LH", "LSY": "2024", "MTFCC": "G5220", "FUNCSTAT": "N", "ALAND": 133548149, "AWATER": 6561495, "INTPTLAT": "+47.7728050", "INTPTLON": "-122.2007441" }, "geometry": { "type": "Polygon", "coordinates": [ [ [ -122.313422, 47.770154 ], [ -122.286863, 47.777322 ], [ -122.281465, 47.793615 ], [ -122.286981, 47.80654 ], [ -122.261873, 47.81883 ], [ -122.26835, 47.822616 ], [ -122.26413, 47.832166 ], [ -122.253891, 47.825691 ], [ -122.246297, 47.839506 ], [ -122.231431, 47.842079 ], [ -122.227603, 47.834753 ], [ -122.211463, 47.835722 ], [ -122.207689, 47.809412 ], [ -122.186114, 47.814045 ], [ -122.186556, 47.791137 ], [ -122.173773, 47.78962 ], [ -122.169443, 47.776259 ], [ -122.154157, 47.776196 ], [ -122.134868, 47.794385 ], [ -122.115433, 47.795223 ], [ -122.108293, 47.808863 ], [ -122.093805, 47.812698 ], [ -122.076983, 47.813277 ], [ -122.078601, 47.807293 ], [ -122.055221, 47.78851 ], [ -122.055067, 47.775683 ], [ -122.08029, 47.773425 ], [ -122.077733, 47.754747 ], [ -122.111675, 47.761467 ], [ -122.107856, 47.749165 ], [ -122.120844, 47.753511 ], [ -122.120486, 47.747455 ], [ -122.141973, 47.747194 ], [ -122.139225, 47.729692 ], [ -122.15013, 47.732893 ], [ -122.153254, 47.723923 ], [ -122.186493, 47.740783 ], [ -122.187542, 47.733047 ], [ -122.207846, 47.733008 ], [ -122.207802, 47.725313 ], [ -122.262323, 47.704308 ], [ -122.274397, 47.733732 ], [ -122.29929, 47.737413 ], [ -122.294721, 47.742798 ], [ -122.313422, 47.770154 ] ] ] } },
{ "type": "Feature", "properties": { "STATEFP": "53", "SLDLST": "044", "GEOID": "53044", "GEOIDFQ": "620L900US53044", "NAMELSAD": "Legislative (House) District 44", "LSAD": "LH", "LSY": "2024", "MTFCC": "G5220", "FUNCSTAT": "N", "ALAND": 273618854, "AWATER": 4468218, "INTPTLAT": "+47.8770783", "INTPTLON": "-122.0961280" }, "geometry": { "type": "Polygon", "coordinates": [ [ [ -122.22795, 47.866368 ], [ -122.217373, 47.878749 ], [ -122.210939, 47.907249 ], [ -122.174159, 47.921631 ], [ -122.171935, 47.941836 ], [ -122.12651, 47.963753 ], [ -122.134926, 47.972145 ], [ -122.135121, 47.974475 ], [ -122.101998, 47.96368 ], [ -122.102374, 47.970641 ], [ -122.056315, 47.978409 ], [ -122.063996, 47.972588 ], [ -122.048517, 47.975503 ], [ -122.044998, 47.934928 ], [ -122.026176, 47.9356 ], [ -122.020197, 47.926016 ], [ -122.001832, 47.92193 ], [ -121.998997, 47.934257 ], [ -121.989788, 47.921429 ], [ -121.972709, 47.925027 ], [ -121.943591, 47.910149 ], [ -121.943355, 47.899987 ], [ -121.954057, 47.893492 ], [ -121.948399, 47.881273 ], [ -121.984834, 47.877506 ], [ -121.985671, 47.888648 ], [ -122.012597, 47.886234 ], [ -122.012356, 47.863149 ], [ -122.033858, 47.862767 ], [ -122.033659, 47.847738 ], [ -122.073962, 47.848157 ], [ -122.042721, 47.824358 ], [ -122.004932, 47.808943 ], [ -122.000365, 47.775392 ], [ -122.055067, 47.775683 ], [ -122.055221, 47.78851 ], [ -122.078601, 47.807293 ], [ -122.076983, 47.813277 ], [ -122.106186, 47.810105 ], [ -122.115143, 47.795366 ], [ -122.133712, 47.794932 ], [ -122.154157, 47.776196 ], [ -122.169443, 47.776259 ], [ -122.173773, 47.78962 ], [ -122.186556, 47.791137 ], [ -122.186114, 47.814045 ], [ -122.207689, 47.809412 ], [ -122.209064, 47.832102 ], [ -122.222969, 47.838327 ], [ -122.22795, 47.866368 ] ] ] } },
{ "type": "Feature", "properties": { "STATEFP": "53", "SLDLST": "004", "GEOID": "53004", "GEOIDFQ": "620L900US53004", "NAMELSAD": "Legislative (House) District 4", "LSAD": "LH", "LSY": "2024", "MTFCC": "G5220", "FUNCSTAT": "N", "ALAND": 1025812231, "AWATER": 6723152, "INTPTLAT": "+47.8427422", "INTPTLON": "-117.1973395" }, "geometry": { "type": "Polygon", "coordinates": [ [ [ -117.379227, 47.735782 ], [ -117.366016, 47.735968 ], [ -117.353546, 47.772792 ], [ -117.370394, 47.776511 ], [ -117.354319, 47.783481 ], [ -117.34731, 47.809391 ], [ -117.358098, 47.881668 ], [ -117.350135, 47.909803 ], [ -117.349789, 48.036015 ], [ -117.343806, 48.046596 ], [ -117.041877, 48.045466 ], [ -117.041697, 47.697681 ], [ -117.089806, 47.682051 ], [ -117.06404, 47.689195 ], [ -117.068296, 47.656676 ], [ -117.121468, 47.649547 ], [ -117.121571, 47.656869 ], [ -117.142867, 47.656898 ], [ -117.142868, 47.649593 ], [ -117.178127, 47.642353 ], [ -117.175197, 47.633452 ], [ -117.228549, 47.627891 ], [ -117.228581, 47.620611 ], [ -117.238446, 47.620457 ], [ -117.238388, 47.612537 ], [ -117.256649, 47.600266 ], [ -117.278797, 47.609386 ], [ -117.272078, 47.627938 ], [ -117.265348, 47.627947 ], [ -117.284649, 47.655466 ], [ -117.302517, 47.653507 ], [ -117.297824, 47.642594 ], [ -117.346873, 47.642767 ], [ -117.346834, 47.66734 ], [ -117.325318, 47.671519 ], [ -117.303864, 47.693761 ], [ -117.327015, 47.689771 ], [ -117.346698, 47.676373 ], [ -117.34534, 47.689866 ], [ -117.333314, 47.691636 ], [ -117.335094, 47.700432 ], [ -117.346616, 47.700436 ], [ -117.346835, 47.714953 ], [ -117.378817, 47.718523 ], [ -117.379227, 47.735782 ] ] ] } },
{ "type": "Feature", "properties": { "STATEFP": "53", "SLDLST": "049", "GEOID": "53049", "GEOIDFQ": "620L900US53049", "NAMELSAD": "Legislative (House) District 49", "LSAD": "LH", "LSY": "2024", "MTFCC": "G5220", "FUNCSTAT": "N", "ALAND": 124347579, "AWATER": 22430327, "INTPTLAT": "+45.6590169", "INTPTLON": "-122.6505258" }, "geometry": { "type": "Polygon", "coordinates": [ [ [ -122.774114, 45.684245 ], [ -122.760955, 45.750376 ], [ -122.743021, 45.750333 ], [ -122.742613, 45.728087 ], [ -122.73535, 45.725114 ], [ -122.734503, 45.73268 ], [ -122.692761, 45.678199 ], [ -122.622957, 45.678723 ], [ -122.606505, 45.693111 ], [ -122.572589, 45.659779 ], [ -122.516276, 45.675731 ], [ -122.505922, 45.672162 ], [ -122.505981, 45.660602 ], [ -122.516304, 45.661845 ], [ -122.5282, 45.650208 ], [ -122.52973, 45.628406 ], [ -122.522778, 45.620725 ], [ -122.558944, 45.621023 ], [ -122.54995, 45.597182 ], [ -122.675001, 45.618025 ], [ -122.76381, 45.657138 ], [ -122.774114, 45.684245 ] ] ] } },
{ "type": "Feature", "properties": { "STATEFP": "53", "SLDLST": "018", "GEOID": "53018", "GEOIDFQ": "620L900US53018", "NAMELSAD": "Legislative (House) District 18", "LSAD": "LH", "LSY": "2024", "MTFCC": "G5220", "FUNCSTAT": "N", "ALAND": 211962671, "AWATER": 405326, "INTPTLAT": "+45.7411211", "INTPTLON": "-122.5977077" }, "geometry": { "type": "Polygon", "coordinates": [ [ [ -122.734503, 45.73268 ], [ -122.693002, 45.723538 ], [ -122.692396, 45.736004 ], [ -122.658065, 45.736265 ], [ -122.675868, 45.793826 ], [ -122.66166, 45.795923 ], [ -122.661627, 45.81411 ], [ -122.659744, 45.808653 ], [ -122.640894, 45.808787 ], [ -122.640895, 45.815997 ], [ -122.600139, 45.811746 ], [ -122.599822, 45.823393 ], [ -122.558267, 45.824002 ], [ -122.547845, 45.820394 ], [ -122.542482, 45.802682 ], [ -122.484735, 45.802881 ], [ -122.486459, 45.781299 ], [ -122.500794, 45.781325 ], [ -122.500813, 45.766787 ], [ -122.511163, 45.766643 ], [ -122.500892, 45.754728 ], [ -122.516719, 45.753314 ], [ -122.516411, 45.701079 ], [ -122.506026, 45.693681 ], [ -122.505922, 45.672162 ], [ -122.531622, 45.674271 ], [ -122.572589, 45.659779 ], [ -122.606505, 45.693111 ], [ -122.622957, 45.678723 ], [ -122.692761, 45.678199 ], [ -122.734503, 45.73268 ] ] ] } },
{ "type": "Feature", "properties": { "STATEFP": "53", "SLDLST": "022", "GEOID": "53022", "GEOIDFQ": "620L900US53022", "NAMELSAD": "Legislative (House) District 22", "LSAD": "LH", "LSY": "2024", "MTFCC": "G5220", "FUNCSTAT": "N", "ALAND": 267861396, "AWATER": 79134170, "INTPTLAT": "+47.0767263", "INTPTLON": "-122.8614269" }, "geometry": { "type": "Polygon", "coordinates": [ [ [ -123.011276, 47.068306 ], [ -122.95333, 47.104215 ], [ -122.951834, 47.12853 ], [ -122.90984, 47.165044 ], [ -122.903521, 47.157533 ], [ -122.877323, 47.159009 ], [ -122.820576, 47.19422 ], [ -122.755587, 47.138575 ], [ -122.698197, 47.116001 ], [ -122.692232, 47.099944 ], [ -122.707544, 47.085332 ], [ -122.703887, 47.071688 ], [ -122.796727, 47.054078 ], [ -122.771358, 47.017272 ], [ -122.77013, 47.003549 ], [ -122.79001, 47.004575 ], [ -122.784426, 46.99614 ], [ -122.796505, 46.9905 ], [ -122.833628, 46.996262 ], [ -122.839056, 47.010691 ], [ -122.877209, 47.007195 ], [ -122.862243, 46.982647 ], [ -122.879177, 46.965757 ], [ -122.876128, 46.952761 ], [ -122.915863, 46.952796 ], [ -122.913298, 46.967158 ], [ -122.928993, 46.967266 ], [ -122.929143, 46.945571 ], [ -122.941179, 46.939658 ], [ -122.950125, 46.952746 ], [ -122.935204, 46.960038 ], [ -122.934127, 46.981793 ], [ -122.949418, 46.972293 ], [ -122.967785, 46.974502 ], [ -122.963549, 46.987396 ], [ -122.971131, 46.993564 ], [ -122.951699, 47.010788 ], [ -122.994759, 47.023508 ], [ -122.982127, 47.042051 ], [ -123.011276, 47.068306 ] ] ] } },
{ "type": "Feature", "properties": { "STATEFP": "53", "SLDLST": "023", "GEOID": "53023", "GEOIDFQ": "620L900US53023", "NAMELSAD": "Legislative (House) District 23", "LSAD": "LH", "LSY": "2024", "MTFCC": "G5220", "FUNCSTAT": "N", "ALAND": 428540996, "AWATER": 322337504, "INTPTLAT": "+47.7425865", "INTPTLON": "-122.5753082" }, "geometry": { "type": "Polygon", "coordinates": [ [ [ -122.768729, 47.678511 ], [ -122.757494, 47.692357 ], [ -122.76339, 47.723409 ], [ -122.721971, 47.787665 ], [ -122.597884, 47.87619 ], [ -122.597456, 47.891279 ], [ -122.626263, 47.908832 ], [ -122.637086, 47.935653 ], [ -122.632075, 47.955504 ], [ -122.61721, 47.968263 ], [ -122.60676, 47.972953 ], [ -122.577719, 47.952522 ], [ -122.501809, 47.929713 ], [ -122.472869, 47.880492 ], [ -122.432678, 47.842037 ], [ -122.429625, 47.828098 ], [ -122.442923, 47.789833 ], [ -122.427149, 47.745364 ], [ -122.43746, 47.713048 ], [ -122.458971, 47.680926 ], [ -122.454908, 47.626561 ], [ -122.446063, 47.607998 ], [ -122.460658, 47.573254 ], [ -122.512602, 47.561892 ], [ -122.534061, 47.571071 ], [ -122.550873, 47.594593 ], [ -122.610444, 47.563709 ], [ -122.624006, 47.574941 ], [ -122.684271, 47.569598 ], [ -122.699422, 47.58528 ], [ -122.698951, 47.596331 ], [ -122.683103, 47.594882 ], [ -122.684555, 47.610816 ], [ -122.708825, 47.613907 ], [ -122.703575, 47.666585 ], [ -122.768729, 47.678511 ] ] ] } },
{ "type": "Feature", "properties": { "STATEFP": "53", "SLDLST": "020", "GEOID": "53020", "GEOIDFQ": "620L900US53020", "NAMELSAD": "Legislative (House) District 20", "LSAD": "LH", "LSY": "2024", "MTFCC": "G5220", "FUNCSTAT": "N", "ALAND": 8116939981, "AWATER": 158535372, "INTPTLAT": "+46.3809050", "INTPTLON": "-122.3268405" }, "geometry": { "type": "Polygon", "coordinates": [ [ [ -123.033053, 46.764525 ], [ -122.991801, 46.764523 ], [ -123.010275, 46.79622 ], [ -122.989442, 46.80963 ], [ -122.989051, 46.822436 ], [ -122.962133, 46.82222 ], [ -122.864002, 46.850996 ], [ -122.863021, 46.807235 ], [ -122.880021, 46.795986 ], [ -122.870635, 46.790213 ], [ -122.855475, 46.792518 ], [ -122.862387, 46.799364 ], [ -122.844678, 46.799727 ], [ -122.844935, 46.792537 ], [ -122.824231, 46.792991 ], [ -122.823824, 46.778243 ], [ -122.766887, 46.778005 ], [ -122.78832, 46.763611 ], [ -122.203115, 46.763061 ], [ -122.040797, 46.742357 ], [ -122.002446, 46.753268 ], [ -121.978638, 46.744273 ], [ -121.954242, 46.755017 ], [ -121.929997, 46.739871 ], [ -121.845075, 46.728406 ], [ -121.83271, 46.729637 ], [ -121.787702, 46.769819 ], [ -121.758593, 46.783791 ], [ -121.455218, 46.783797 ], [ -121.442036, 46.758291 ], [ -121.424281, 46.756629 ], [ -121.429351, 46.739351 ], [ -121.406014, 46.727394 ], [ -121.369476, 46.72642 ], [ -121.353179, 46.712266 ], [ -121.379784, 46.701764 ], [ -121.37668, 46.686486 ], [ -121.398949, 46.68808 ], [ -121.413217, 46.675868 ], [ -121.416275, 46.6514 ], [ -121.395246, 46.646125 ], [ -121.397738, 46.641201 ], [ -121.386383, 46.636041 ], [ -121.386708, 46.621204 ], [ -121.407583, 46.602105 ], [ -121.405711, 46.582344 ], [ -121.42457, 46.570285 ], [ -121.41271, 46.558668 ], [ -121.420851, 46.552283 ], [ -121.416646, 46.54824 ], [ -121.451256, 46.533894 ], [ -121.455981, 46.516728 ], [ -121.45014, 46.503526 ], [ -121.423202, 46.492686 ], [ -121.435856, 46.475907 ], [ -121.411978, 46.459529 ], [ -121.407298, 46.429903 ], [ -121.386647, 46.409942 ], [ -121.396732, 46.388132 ], [ -121.447494, 46.384631 ], [ -122.24099, 46.385864 ], [ -122.25021, 45.750873 ], [ -122.33819, 45.751863 ], [ -122.343969, 45.730814 ], [ -122.356854, 45.72247 ], [ -122.346402, 45.715959 ], [ -122.372393, 45.715635 ], [ -122.372758, 45.694219 ], [ -122.46913, 45.70111 ], [ -122.50482, 45.686383 ], [ -122.516411, 45.701079 ], [ -122.516719, 45.753314 ], [ -122.500892, 45.754728 ], [ -122.511163, 45.766643 ], [ -122.500813, 45.766787 ], [ -122.500794, 45.781325 ], [ -122.486459, 45.781299 ], [ -122.484793, 45.803017 ], [ -122.542482, 45.802682 ], [ -122.553206, 45.822396 ], [ -122.599822, 45.823393 ], [ -122.600139, 45.811746 ], [ -122.640895, 45.815997 ], [ -122.640894, 45.808787 ], [ -122.659744, 45.808653 ], [ -122.659049, 45.814117 ], [ -122.661627, 45.81411 ], [ -122.66166, 45.795923 ], [ -122.675868, 45.793826 ], [ -122.658065, 45.736265 ], [ -122.692396, 45.736004 ], [ -122.693002, 45.723538 ], [ -122.73381, 45.73305 ], [ -122.73535, 45.725114 ], [ -122.743246, 45.729082 ], [ -122.743021, 45.750333 ], [ -122.760955, 45.750376 ], [ -122.769532, 45.780583 ], [ -122.795605, 45.81 ], [ -122.784964, 45.86817 ], [ -122.8115, 45.912724 ], [ -122.806187, 45.932416 ], [ -122.813999, 45.960983 ], [ -122.878091, 46.03128 ], [ -122.884478, 46.06028 ], [ -122.904119, 46.083734 ], [ -122.93042, 46.093333 ], [ -122.913469, 46.097858 ], [ -122.866746, 46.083354 ], [ -122.867586, 46.097763 ], [ -122.857309, 46.097744 ], [ -122.867222, 46.112185 ], [ -122.877475, 46.11224 ], [ -122.87769, 46.119491 ], [ -122.867386, 46.119432 ], [ -122.866733, 46.13767 ], [ -122.880481, 46.141297 ], [ -122.861475, 46.147331 ], [ -122.875954, 46.168408 ], [ -122.90427, 46.170234 ], [ -122.880796, 46.260729 ], [ -122.894496, 46.269889 ], [ -122.899747, 46.279035 ], [ -122.891177, 46.289924 ], [ -122.903887, 46.286257 ], [ -122.915145, 46.316437 ], [ -122.900346, 46.396577 ], [ -122.889614, 46.409065 ], [ -122.87679, 46.494375 ], [ -122.875918, 46.561691 ], [ -122.887247, 46.561697 ], [ -122.88729, 46.576195 ], [ -122.903004, 46.567102 ], [ -122.918786, 46.572653 ], [ -122.922348, 46.583509 ], [ -122.911306, 46.583554 ], [ -122.913466, 46.597109 ], [ -122.908204, 46.597105 ], [ -122.911875, 46.610462 ], [ -122.957297, 46.644671 ], [ -122.968083, 46.633767 ], [ -122.970261, 46.652112 ], [ -122.986015, 46.653903 ], [ -122.98982, 46.667299 ], [ -122.998057, 46.666131 ], [ -122.984902, 46.685646 ], [ -122.96789, 46.684561 ], [ -122.96328, 46.704085 ], [ -123.008778, 46.709934 ], [ -123.020187, 46.735373 ], [ -123.005977, 46.746367 ], [ -123.028545, 46.750206 ], [ -123.033053, 46.764525 ] ] ] } },
{ "type": "Feature", "properties": { "STATEFP": "53", "SLDLST": "014", "GEOID": "53014", "GEOIDFQ": "620L900US53014", "NAMELSAD": "Legislative (House) District 14", "LSAD": "LH", "LSY": "2024", "MTFCC": "G5220", "FUNCSTAT": "N", "ALAND": 10005619798, "AWATER": 198823759, "INTPTLAT": "+46.1009430", "INTPTLON": "-120.5414629" }, "geometry": { "type": "Polygon", "coordinates": [ [ [ -121.522324, 46.345076 ], [ -121.522324, 46.388224 ], [ -121.393759, 46.39004 ], [ -121.386557, 46.410601 ], [ -121.407298, 46.429903 ], [ -121.411978, 46.459529 ], [ -121.436361, 46.477302 ], [ -121.423242, 46.492743 ], [ -121.380435, 46.468122 ], [ -121.303399, 46.455392 ], [ -121.265289, 46.470137 ], [ -121.271916, 46.478471 ], [ -121.25421, 46.495832 ], [ -121.209313, 46.512557 ], [ -121.18756, 46.498967 ], [ -121.153552, 46.491551 ], [ -121.139924, 46.472509 ], [ -121.126187, 46.471028 ], [ -121.120128, 46.444887 ], [ -121.119467, 46.453663 ], [ -121.096294, 46.464092 ], [ -121.023767, 46.467311 ], [ -120.873178, 46.526722 ], [ -120.661533, 46.530952 ], [ -120.569512, 46.553771 ], [ -120.552506, 46.550806 ], [ -120.552253, 46.557917 ], [ -120.528269, 46.557292 ], [ -120.520096, 46.564939 ], [ -120.530314, 46.568505 ], [ -120.53034, 46.58524 ], [ -120.519917, 46.585246 ], [ -120.518384, 46.592453 ], [ -120.530433, 46.601605 ], [ -120.530463, 46.612573 ], [ -120.488462, 46.615884 ], [ -120.46037, 46.582669 ], [ -120.472435, 46.570401 ], [ -120.464533, 46.557211 ], [ -120.471636, 46.556302 ], [ -120.477005, 46.518543 ], [ -120.458699, 46.518281 ], [ -120.449223, 46.499148 ], [ -120.403398, 46.466773 ], [ -120.383354, 46.464152 ], [ -120.348471, 46.443623 ], [ -120.35193, 46.42756 ], [ -120.342977, 46.428614 ], [ -120.327146, 46.413788 ], [ -120.268695, 46.393515 ], [ -120.252415, 46.394832 ], [ -120.24056, 46.381543 ], [ -120.231682, 46.384288 ], [ -120.22143, 46.364455 ], [ -120.210125, 46.362135 ], [ -120.220763, 46.35093 ], [ -120.208486, 46.347234 ], [ -120.209141, 46.360694 ], [ -120.180487, 46.353574 ], [ -120.172022, 46.341965 ], [ -120.180429, 46.342508 ], [ -120.177388, 46.33093 ], [ -120.15193, 46.315241 ], [ -120.062326, 46.316597 ], [ -120.062295, 46.327535 ], [ -120.072496, 46.331203 ], [ -120.041051, 46.329384 ], [ -120.016632, 46.338323 ], [ -120.004275, 46.332424 ], [ -119.996476, 46.341911 ], [ -119.993057, 46.329303 ], [ -119.958895, 46.331626 ], [ -119.983312, 46.316942 ], [ -119.968425, 46.313321 ], [ -119.970813, 46.306752 ], [ -119.957646, 46.296779 ], [ -119.986001, 46.302206 ], [ -119.984757, 46.313234 ], [ -119.996617, 46.314596 ], [ -120.014782, 46.298395 ], [ -119.999109, 46.295595 ], [ -119.999295, 46.272803 ], [ -120.019977, 46.272963 ], [ -120.02048, 46.251182 ], [ -119.936612, 46.251171 ], [ -119.936606, 46.265728 ], [ -119.924525, 46.26646 ], [ -119.936597, 46.267538 ], [ -119.931342, 46.271998 ], [ -119.936515, 46.280163 ], [ -119.925795, 46.284513 ], [ -119.915789, 46.28187 ], [ -119.915946, 46.272817 ], [ -119.884049, 46.272943 ], [ -119.889254, 46.262157 ], [ -119.883649, 46.258562 ], [ -119.873455, 46.263876 ], [ -119.873562, 46.214605 ], [ -119.866537, 46.214577 ], [ -119.867146, 45.996497 ], [ -119.686551, 45.999595 ], [ -119.686745, 46.042927 ], [ -119.11989, 46.038292 ], [ -119.118775, 46.102196 ], [ -119.097308, 46.110336 ], [ -119.095632, 46.124856 ], [ -119.138502, 46.125861 ], [ -119.137967, 46.158359 ], [ -119.120703, 46.154362 ], [ -119.127677, 46.161821 ], [ -119.075787, 46.168846 ], [ -119.075741, 46.183391 ], [ -119.088279, 46.183533 ], [ -119.086156, 46.190829 ], [ -119.075457, 46.191519 ], [ -119.106539, 46.2064 ], [ -119.104502, 46.218488 ], [ -119.135432, 46.225795 ], [ -119.117039, 46.248592 ], [ -119.107206, 46.241406 ], [ -119.106928, 46.248477 ], [ -119.086458, 46.251044 ], [ -119.0854, 46.244236 ], [ -119.055158, 46.240845 ], [ -119.049735, 46.248127 ], [ -119.034191, 46.240765 ], [ -119.034489, 46.224731 ], [ -119.023453, 46.216616 ], [ -119.041498, 46.192667 ], [ -118.968049, 46.130834 ], [ -118.968655, 46.117148 ], [ -118.942305, 46.07442 ], [ -118.947738, 46.047541 ], [ -118.94106, 46.028438 ], [ -119.027215, 45.969112 ], [ -119.126322, 45.932784 ], [ -119.19552, 45.9279 ], [ -119.257072, 45.939867 ], [ -119.364498, 45.921547 ], [ -119.450398, 45.917381 ], [ -119.488083, 45.906361 ], [ -119.524519, 45.908567 ], [ -119.571602, 45.925478 ], [ -119.623628, 45.905602 ], [ -119.669974, 45.856908 ], [ -119.802705, 45.84763 ], [ -119.965772, 45.824376 ], [ -120.070236, 45.785156 ], [ -120.170603, 45.76198 ], [ -120.210774, 45.725915 ], [ -120.482615, 45.694407 ], [ -120.505743, 45.699949 ], [ -120.559287, 45.738315 ], [ -120.591144, 45.746509 ], [ -120.635051, 45.745711 ], [ -120.689535, 45.715727 ], [ -120.855415, 45.671729 ], [ -120.895822, 45.642923 ], [ -120.913608, 45.639992 ], [ -120.944018, 45.656392 ], [ -120.983494, 45.648358 ], [ -121.06446, 45.652491 ], [ -121.084933, 45.647893 ], [ -121.131833, 45.609753 ], [ -121.183684, 45.60645 ], [ -121.196459, 45.61661 ], [ -121.200351, 45.649839 ], [ -121.215768, 45.671228 ], [ -121.337712, 45.704839 ], [ -121.383453, 45.699252 ], [ -121.383554, 45.717434 ], [ -121.362544, 45.717645 ], [ -121.362294, 45.738479 ], [ -121.343403, 45.731694 ], [ -121.343281, 45.722127 ], [ -121.293777, 45.71193 ], [ -121.278901, 45.740045 ], [ -121.288043, 45.745898 ], [ -121.292477, 45.767715 ], [ -121.247614, 45.759341 ], [ -121.25104, 45.751493 ], [ -121.242462, 45.745282 ], [ -121.231565, 45.750842 ], [ -121.228055, 45.767709 ], [ -121.210866, 45.760448 ], [ -121.205649, 45.792454 ], [ -121.192762, 45.797638 ], [ -121.196345, 45.811346 ], [ -121.175302, 45.810943 ], [ -121.180144, 45.825725 ], [ -121.137425, 45.834022 ], [ -121.153448, 45.849332 ], [ -121.150509, 45.857691 ], [ -121.122207, 45.865331 ], [ -121.158134, 45.898305 ], [ -121.109096, 45.898036 ], [ -121.09334, 45.91398 ], [ -121.092607, 45.883051 ], [ -121.071756, 45.882938 ], [ -121.071788, 45.868671 ], [ -121.05082, 45.868749 ], [ -121.051688, 45.825178 ], [ -121.063179, 45.825074 ], [ -121.030831, 45.821097 ], [ -121.031564, 45.76698 ], [ -120.885048, 45.766344 ], [ -120.885011, 45.781025 ], [ -120.823396, 45.780843 ], [ -120.822799, 45.805265 ], [ -120.807964, 45.809336 ], [ -120.803494, 45.828242 ], [ -120.811118, 45.828182 ], [ -120.812494, 45.843703 ], [ -120.805655, 45.882448 ], [ -120.791431, 45.882576 ], [ -120.792075, 45.848403 ], [ -120.748672, 45.883387 ], [ -120.712541, 45.899132 ], [ -120.696918, 45.932135 ], [ -120.657038, 45.95811 ], [ -120.653105, 45.985034 ], [ -120.70391, 45.999847 ], [ -120.81058, 46.01094 ], [ -120.82336, 45.994139 ], [ -120.840326, 45.997621 ], [ -120.85437, 46.014114 ], [ -120.880531, 46.018991 ], [ -120.903084, 46.004318 ], [ -120.979028, 46.003331 ], [ -121.024867, 45.992215 ], [ -121.039317, 45.996843 ], [ -121.157156, 45.983976 ], [ -121.194597, 45.987566 ], [ -121.269435, 45.944647 ], [ -121.287319, 45.946845 ], [ -121.312384, 45.922859 ], [ -121.326041, 45.925332 ], [ -121.401721, 45.886373 ], [ -121.453561, 45.916585 ], [ -121.448504, 45.928558 ], [ -121.455764, 45.943701 ], [ -121.442032, 45.982622 ], [ -121.416472, 46.012788 ], [ -121.425528, 46.044399 ], [ -121.522321, 46.044006 ], [ -121.522324, 46.345076 ] ] ] } },
{ "type": "Feature", "properties": { "STATEFP": "53", "SLDLST": "010", "GEOID": "53010", "GEOIDFQ": "620L900US53010", "NAMELSAD": "Legislative (House) District 10", "LSAD": "LH", "LSY": "2024", "MTFCC": "G5220", "FUNCSTAT": "N", "ALAND": 1030123456, "AWATER": 996346921, "INTPTLAT": "+48.2046087", "INTPTLON": "-122.5154223" }, "geometry": { "type": "Polygon", "coordinates": [ [ [ -122.863078, 48.370361 ], [ -122.775947, 48.369464 ], [ -122.749526, 48.380252 ], [ -122.733724, 48.415021 ], [ -122.755766, 48.477322 ], [ -122.75089, 48.488703 ], [ -122.636308, 48.484274 ], [ -122.641591, 48.456365 ], [ -122.625215, 48.445487 ], [ -122.582521, 48.454573 ], [ -122.568624, 48.448047 ], [ -122.565678, 48.459075 ], [ -122.538482, 48.462708 ], [ -122.433271, 48.446021 ], [ -122.347452, 48.468918 ], [ -122.339844, 48.4279 ], [ -122.313331, 48.420992 ], [ -122.313304, 48.413654 ], [ -122.325298, 48.411952 ], [ -122.326253, 48.38479 ], [ -122.33573, 48.377425 ], [ -122.334108, 48.33353 ], [ -122.321865, 48.312189 ], [ -122.222613, 48.223986 ], [ -122.215779, 48.209862 ], [ -122.151444, 48.21009 ], [ -122.136363, 48.218172 ], [ -122.127633, 48.202593 ], [ -122.116992, 48.199913 ], [ -122.107615, 48.20735 ], [ -122.102235, 48.198909 ], [ -122.110499, 48.197691 ], [ -122.101392, 48.191141 ], [ -122.09391, 48.16619 ], [ -122.110531, 48.164435 ], [ -122.098158, 48.144337 ], [ -122.187405, 48.145093 ], [ -122.190617, 48.163285 ], [ -122.196558, 48.163154 ], [ -122.196582, 48.15578 ], [ -122.215403, 48.151841 ], [ -122.20317, 48.148332 ], [ -122.190033, 48.12289 ], [ -122.390637, 48.123616 ], [ -122.342491, 48.063305 ], [ -122.340018, 48.044773 ], [ -122.352102, 48.013377 ], [ -122.330477, 47.973224 ], [ -122.330449, 47.947717 ], [ -122.356347, 47.894317 ], [ -122.429625, 47.828098 ], [ -122.433578, 47.843624 ], [ -122.472869, 47.880492 ], [ -122.499637, 47.927937 ], [ -122.582875, 47.955135 ], [ -122.626267, 47.993204 ], [ -122.638025, 48.031857 ], [ -122.643022, 48.099127 ], [ -122.656508, 48.124817 ], [ -122.703304, 48.134416 ], [ -122.818332, 48.19883 ], [ -122.852093, 48.226462 ], [ -122.862684, 48.243658 ], [ -122.863078, 48.370361 ] ] ] } },
{ "type": "Feature", "properties": { "STATEFP": "53", "SLDLST": "041", "GEOID": "53041", "GEOIDFQ": "620L900US53041", "NAMELSAD": "Legislative (House) District 41", "LSAD": "LH", "LSY": "2024", "MTFCC": "G5220", "FUNCSTAT": "N", "ALAND": 119192323, "AWATER": 35661467, "INTPTLAT": "+47.5730432", "INTPTLON": "-122.1377585" }, "geometry": { "type": "Polygon", "coordinates": [ [ [ -122.266832, 47.587369 ], [ -122.263651, 47.613115 ], [ -122.220434, 47.596821 ], [ -122.217734, 47.611121 ], [ -122.18838, 47.61002 ], [ -122.163849, 47.597468 ], [ -122.129863, 47.606368 ], [ -122.132424, 47.616998 ], [ -122.105695, 47.61998 ], [ -122.089695, 47.611344 ], [ -122.081966, 47.61748 ], [ -121.992099, 47.612716 ], [ -122.005263, 47.609408 ], [ -122.002833, 47.598728 ], [ -121.97066, 47.601136 ], [ -121.964584, 47.58756 ], [ -121.968893, 47.580153 ], [ -121.981742, 47.587622 ], [ -121.982928, 47.581007 ], [ -121.99501, 47.586079 ], [ -121.998315, 47.578499 ], [ -122.02766, 47.579269 ], [ -122.021904, 47.573087 ], [ -122.034047, 47.568128 ], [ -122.03072, 47.554695 ], [ -122.036975, 47.550583 ], [ -122.061271, 47.548432 ], [ -122.100194, 47.559225 ], [ -122.100524, 47.544933 ], [ -122.111817, 47.544258 ], [ -122.111101, 47.536055 ], [ -122.132222, 47.535985 ], [ -122.129108, 47.527212 ], [ -122.142997, 47.52722 ], [ -122.137848, 47.516346 ], [ -122.169856, 47.516518 ], [ -122.171374, 47.508446 ], [ -122.190103, 47.52351 ], [ -122.194262, 47.539357 ], [ -122.235699, 47.517769 ], [ -122.251192, 47.525962 ], [ -122.254675, 47.536371 ], [ -122.240388, 47.560026 ], [ -122.266832, 47.587369 ] ] ] } }
]
}
